1, 6.850500085420208e-06
2, 4.3694999476429075e-06
3, 6.294999820966041e-06
4, 1.6452749605377903e-05
5, 6.976499662414426e-06
6, 7.601000106660649e-06
7, 9.166250038106227e-06
8, 1.0094249773828778e-05
9, 1.0978499631164595e-05
10, 2.358424990234198e-05
11, 1.5021750186861027e-05
12, 1.9421499928284902e-05
13, 2.2039499981474364e-05
14, 2.4515500172128668e-05
15, 2.2352249743562425e-05
16, 2.9110749892424792e-05
17, 3.0030999823793536e-05
18, 3.3262750093854265e-05
19, 3.55712500095251e-05
20, 3.538825012583402e-05
21, 4.0243750390800415e-05
22, 4.274674984117155e-05
23, 4.5970500195835484e-05
24, 6.07782503720955e-05
25, 4.7849249767750734e-05
26, 6.155400023999391e-05
27, 6.672699964838102e-05
28, 6.110699996497715e-05
29, 6.205099998624064e-05
30, 6.797649984946474e-05
31, 7.821650024197879e-05
32, 8.560525020584464e-05
33, 8.480775022690068e-05
34, 8.502324999426492e-05
35, 9.536175002722302e-05
36, 0.00012368424995656824
37, 0.00010897499987549963
38, 0.00011876725011461531
39, 0.00012270625029486837
40, 0.00013545474985221517
41, 0.00013398974988376722
42, 0.00015454375034096302
43, 0.0001465975001337938
44, 0.00014285725001172977
45, 0.00014733950001755147
46, 0.0001553320003040426
47, 0.00017427749980925
48, 0.00028626624998651096
49, 0.00018448650007485412
50, 0.0001775235000422981
51, 0.00020125074979659985
52, 0.00021802274977744673
53, 0.00021287099980327184
54, 0.00020445949985514744
55, 0.00022660624972559162
56, 0.000230913999985205
57, 0.0002466757500769745
58, 0.00025599450009394786
59, 0.0002612902499095071
60, 0.0002551632496761158
61, 0.00025113899982898147
62, 0.0002875382497222745
63, 0.0003557600002750405
64, 0.00029756300000371994
65, 0.00030239274974519503
66, 0.000384162749924144
67, 0.0003002907501468144
68, 0.00034443174990883563
69, 0.0003613949997998134
70, 0.00032511849985894514
71, 0.00035223599979872233
72, 0.00037162324997552787
73, 0.0004579500000545522
74, 0.0003863675001412048
75, 0.00040524675023334567
76, 0.00045261025024956325
77, 0.0004603265001605905
78, 0.00045208424990050844
79, 0.00048802875016917824
80, 0.0006297155000538623
81, 0.0005042967500230588
82, 0.0004753289999825938
83, 0.0004902669998045894
84, 0.0005895842500649451
85, 0.0005834609996782092
86, 0.0005085387497274496
87, 0.0006124619999354763
88, 0.0005605247497442178
89, 0.0005549234997488384
90, 0.0005862887496732583
91, 0.000600358499923459
92, 0.000592364250223909
93, 0.0013598942500721023
94, 0.0006194544998834317
95, 0.0006623240001317754
96, 0.0007920064999780152
97, 0.0006553089997396455
98, 0.0007396787495963508
99, 0.0007457367501046974
100, 0.0007312667498808878
101, 0.0006986430003053101
102, 0.0006677279998257291
103, 0.0007650214997738658
104, 0.0007743357500658021
105, 0.0007977484997354622
106, 0.00098514850014908
107, 0.000963587000114785
108, 0.0008451037501799874
109, 0.0008450599998468533
110, 0.0008452537504126667
111, 0.0010859405001610867
112, 0.0009075177499653364
113, 0.0008618627502983145
114, 0.0009310049999839975
115, 0.0008724297499611566
116, 0.0011796667499766045
117, 0.001353735999600758
118, 0.0011769502498282236
119, 0.0009562732498125115
120, 0.0012427589999788324
121, 0.0010500895000404853
122, 0.0012215447500238952
123, 0.0010523722503421595
124, 0.0010686882501431683
125, 0.0012324520002948702
126, 0.001228755750162236
127, 0.0011342620000505121
128, 0.0011297764999653737
129, 0.0012485007500799838
130, 0.0011564677502065024
131, 0.0012434270001904224
132, 0.001177326750166685
133, 0.0015383180002572772
134, 0.0012191734999760229
135, 0.0012885582495982817
136, 0.0015146542500588112
137, 0.0012700704996859713
138, 0.0012826692495764291
139, 0.0012859070002377848
140, 0.0015416852497764921
141, 0.0014041890003682056
142, 0.001413273000252957
143, 0.0014704275004078227
144, 0.0015191425000011805
145, 0.0015233432500281197
146, 0.0015164019996518618
147, 0.0017778429996724299
148, 0.0015007912497821962
149, 0.0015226807499857387
150, 0.0017594732498764643
151, 0.0015668877499592782
152, 0.001656718749927677
153, 0.0016495297500114248
154, 0.0017211230001521471
155, 0.001629677250093664
156, 0.0018778329999804555
157, 0.001667442500092875
158, 0.0019372997498976474
159, 0.0019562144998417352
160, 0.0017314507499577303
161, 0.0018237074996250158
162, 0.0017828000000008615
163, 0.0021897115002502687
164, 0.0025077760001295246
165, 0.001946960000168474
166, 0.002053854249879805
167, 0.001946631000009802
168, 0.0021974102496642445
169, 0.0020462557499740797
170, 0.0023152377498263377
171, 0.002145277249837818
172, 0.0021151555001779343
173, 0.002114118749886984
174, 0.0020369955000205664
175, 0.0022959357497711608
176, 0.0021299190002537216
177, 0.0024419834999207524
178, 0.00217528975008463
179, 0.002210003250183945
180, 0.0024900484995669103
181, 0.002312697750312509
182, 0.0024302127499140624
183, 0.00247934749995693
184, 0.0023789555002622365
185, 0.00234294924985079
186, 0.0025448129999858793
187, 0.0026316982498428843
188, 0.00251676524976574
189, 0.0028412179999577347
190, 0.002435556999898836
191, 0.002551381749981374
192, 0.0026875497501350765
193, 0.002676475749922247
194, 0.002594492750176869
195, 0.0026821187502719113
196, 0.002650866000294627
197, 0.002671266250217741
198, 0.0029397890002655913
199, 0.002846175750164548
200, 0.00299173224993865
201, 0.0028895357500005048
202, 0.0028543082498799777
203, 0.0031082499999683932
204, 0.003075038499900984
205, 0.002912850000029721
206, 0.004173772749709315
207, 0.0030777760002820287
208, 0.003371773500020936
209, 0.003003179249844834
210, 0.0030683969998790417
211, 0.0030963515000621555
212, 0.0031311452498812287
213, 0.003464021499894443
214, 0.0032133717500073544
215, 0.003238513749693084
216, 0.003960276749694458
217, 0.003446455250013969
218, 0.0033843344999695546
219, 0.0033625334999669576
220, 0.0035518304998731764
221, 0.003515498749948165
222, 0.0033541467500981526
223, 0.003581834000215167
224, 0.0034509377501308336
225, 0.0032618979998915165
226, 0.0037113875000613916
227, 0.0036175694999656116
228, 0.0037510054999074782
229, 0.0035428192500148725
230, 0.004132334999667364
231, 0.006220476000180497
232, 0.0038377885002773837
233, 0.0040285962500092865
234, 0.003589528249904106
235, 0.003985629999988305
236, 0.0038134217497827194
237, 0.004218472249704064
238, 0.003867935500238673
239, 0.004238522999912675
240, 0.0039656387498325785
241, 0.004004814249583433
242, 0.005508035750153795
243, 0.003955023500111565
244, 0.004390004499782663
245, 0.004469586750019516
246, 0.004159069500019541
247, 0.004275409749880055
248, 0.004355360500085226
249, 0.004105988999981491
250, 0.0045569072499347385
251, 0.005005012750189053
252, 0.004353012499905162
253, 0.004640104500140296
254, 0.004510486000071978
255, 0.004528344750269753
256, 0.004873564500030625
257, 0.00581142600003659
258, 0.00515192550028587
259, 0.005255676500382833
260, 0.004597833750267455
261, 0.005380668750149198
262, 0.004689288749887055
263, 0.004654295749787707
264, 0.004750085250179836
265, 0.005107656999825849
266, 0.00480985000012879
267, 0.005351963749944844
268, 0.005217767999965872
269, 0.005067493000296963
270, 0.005215726250298758
271, 0.00508554349971746
272, 0.0054058565001469105
273, 0.005418093500338728
274, 0.005263219250082329
275, 0.005264114000055997
276, 0.0053812072501386865
277, 0.005371879499762144
278, 0.0054003532500246365
279, 0.006229178749890707
280, 0.005276182249872363
281, 0.005534707999686361
282, 0.005425396499958879
283, 0.005625107500236481
284, 0.005808469999919907
285, 0.005633977249999589
286, 0.0057700327502061555
287, 0.00568308750007418
288, 0.005844970250109327
289, 0.00585602925002604
290, 0.005937472750247252
291, 0.0063528727500852256
292, 0.005957807250069891
293, 0.006472411750110041
294, 0.00645323524986452
295, 0.006024305000210006
296, 0.006075880249682086
297, 0.006021048249749583
298, 0.006350098999973852
299, 0.006058978749933885
300, 0.006423447000088345
301, 0.006758665500001371
302, 0.0073725504998947144
303, 0.00642134649979198
304, 0.00619941424974968
305, 0.006590474999939033
306, 0.006896352249896154
307, 0.006590168250113493
308, 0.006717243500133918
309, 0.007306795000204147
310, 0.006841227499990055
311, 0.006733849249940249
312, 0.007660216249860241
313, 0.006697883250126324
314, 0.006908931749876501
315, 0.007022220249837119
316, 0.006678854249912547
317, 0.007295795749996614
318, 0.007184613250046823
319, 0.007148596499973792
320, 0.007382698499895923
321, 0.007163549999859242
322, 0.007732615999884729
323, 0.00728781625002739
324, 0.00732883025011688
325, 0.007372485250016325
326, 0.0074018475002048945
327, 0.007427775999985897
328, 0.007273995249761356
329, 0.007520362499690236
330, 0.007591225000396662
331, 0.0076913837497158966
332, 0.007636682999873301
333, 0.0074343507499179395
334, 0.007765401249798742
335, 0.008080843500010815
336, 0.007897203250195162
337, 0.00816495949993623
338, 0.008051220499964984
339, 0.007744915999865043
340, 0.00877242725027827
341, 0.008147595499849558
342, 0.008734828749766166
343, 0.008534326000244619
344, 0.008565215749968047
345, 0.008698196000295866
346, 0.008378771250136197
347, 0.009177118749903457
348, 0.008697017000031337
349, 0.008419554500051163
350, 0.008748910750000505
351, 0.008889059500233998
352, 0.008546920999833674
353, 0.008808643750398915
354, 0.008792601250206644
355, 0.008760794500176416
356, 0.00932170474970917
357, 0.00917186849983409
358, 0.009072477749668906
359, 0.009327164749720396
360, 0.009407213250142377
361, 0.009008477999941533
362, 0.009322867000264523
363, 0.009128061250066821
364, 0.009994462250233482
365, 0.009539598500396096
366, 0.009666940250099287
367, 0.009594493500117096
368, 0.009690186750049179
369, 0.010286167249887512
370, 0.009802751750157768
371, 0.010675864749828179
372, 0.009737341500112962
373, 0.00987073624992263
374, 0.00992159850011376
375, 0.009919579750203411
376, 0.009773170750122517
377, 0.009645249750064977
378, 0.01011257475011007
379, 0.010231707499769982
380, 0.010131211499810888
381, 0.010030690750227222
382, 0.010170206000111648
383, 0.010040399999979854
384, 0.010494632500012813
385, 0.010530894000112312
386, 0.010195246250077616
387, 0.010880190000079892
388, 0.010737042749951797
389, 0.011447248250078701
390, 0.011151839500143979
391, 0.010856716000034794
392, 0.011098617999778071
393, 0.010868829749597353
394, 0.011209355000119103
395, 0.010746680749889492
396, 0.011208222749701235
397, 0.011134764749840542
398, 0.010941683250166534
399, 0.011254157000166742
400, 0.011323323999931745
401, 0.011140089749915205
402, 0.011507604499911395
403, 0.011953881749832362
404, 0.011522796999997809
405, 0.01177761124972676
406, 0.012150036000093678
407, 0.011776912499954051
408, 0.012237888000072417
409, 0.011618666750109696
410, 0.011838669250209932
411, 0.011914818750028644
412, 0.01185700399992129
413, 0.012085717749869218
414, 0.012307053249969613
415, 0.01253684150015033
416, 0.011999644000297849
417, 0.01204742449999685
418, 0.012297229249725206
419, 0.012029327499931242
420, 0.012868378749772091
421, 0.012871034749878163
422, 0.018370846250036266
423, 0.012859204749929631
424, 0.012419172000136314
425, 0.012966713999958301
426, 0.012631162750039948
427, 0.012911583999994036
428, 0.013087748500311136
429, 0.012738041250031529
430, 0.013227783750153321
431, 0.013288477750393213
432, 0.01283882125017044
433, 0.013632660749863135
434, 0.013211675249749533
435, 0.013354777750009816
436, 0.013071829499949672
437, 0.013338979000309337
438, 0.014216788000339875
439, 0.013504793000265636
440, 0.01377872449984352
441, 0.013764545250069204
442, 0.014291480249994493
443, 0.014070315500248398
444, 0.014064142999814067
445, 0.01373723599999721
446, 0.014042348499970103
447, 0.014076297999963572
448, 0.013858960749985272
449, 0.014334436250010185
450, 0.014409024749966193
451, 0.014519746500354813
452, 0.014641420749740064
453, 0.014816714999597025
454, 0.01435929599983865
455, 0.015069669999775215
456, 0.01483598400000119
457, 0.014555354749973048
458, 0.014936532749743492
459, 0.014866054499634629
460, 0.015279377750175627
461, 0.015689536000081716
462, 0.015231136749662255
463, 0.015049697250105964
464, 0.015340195500357368
465, 0.015609293750003417
466, 0.01623515450000923
467, 0.01592837750013132
468, 0.015502482000101736
469, 0.0160070907500085
470, 0.016191789749882446
471, 0.015842220000195084
472, 0.015794678000020212
473, 0.015729613499843254
474, 0.015730900000107795
475, 0.016461586000332318
476, 0.016002526250304072
477, 0.01642051975022696
478, 0.016450054500182887
479, 0.016187493250072293
480, 0.016305553250276716
481, 0.016141991000040434
482, 0.016710573750060576
483, 0.017161414999918634
484, 0.016323556000315875
485, 0.016784159249709774
486, 0.016649314999995113
487, 0.01710392225004398
488, 0.016878253500181017
489, 0.016930707749907015
490, 0.01848845549966427
491, 0.01694307125035266
492, 0.017230611000286444
493, 0.017307667750174005
494, 0.01781501975028732
495, 0.01744823125000039
496, 0.017305872249835375
497, 0.018157223999878624
498, 0.01774219799972343
499, 0.017858785499811347
500, 0.01751261475010324
501, 0.01889978274994064
502, 0.01800296149986025
503, 0.01781653349962653
504, 0.01861480549996486
505, 0.017670102749889338
506, 0.017985279000185983
507, 0.01896229175008557
508, 0.018757030749839032
509, 0.01846776599995792
510, 0.018566927250049048
511, 0.01867187100015144
512, 0.019293967250177957
513, 0.018534198999986984
514, 0.018658419250186853
515, 0.01969497224990846
516, 0.019012349000149698
517, 0.019093455749953137
518, 0.018663781999748608
519, 0.01917670774992075
520, 0.019429506749929715
521, 0.01925441800040062
522, 0.020193452250168775
523, 0.019737153999813017
524, 0.019845647999773064
525, 0.019944321750244853
526, 0.02013295274991833
527, 0.01983765349996247
528, 0.020389098249779636
529, 0.021555591250034922
530, 0.021584326500033058
531, 0.023075961749782437
532, 0.021412349499769334
533, 0.02037712025003202
534, 0.020682186000158254
535, 0.020329072500317125
536, 0.020748515499690257
537, 0.02057634724997115
538, 0.02110749474968543
539, 0.021406906750144117
540, 0.020795992500097782
541, 0.021523096250348317
542, 0.02619072750030682
543, 0.021019629250076832
544, 0.021097907000239502
545, 0.021698991249650135
546, 0.022248534000027576
547, 0.021629767999911564
548, 0.021324648749668995
549, 0.022009030500157678
550, 0.021904781499870296
551, 0.02280524224988767
552, 0.0219048539997857
553, 0.022120777999589336
554, 0.021926869500020985
555, 0.022125706499991793
556, 0.02230750025000816
557, 0.02242368949964657
558, 0.023057461500229692
559, 0.023762842250107497
560, 0.022978553750363062
561, 0.02361593775003712
562, 0.022567270249965077
563, 0.022474583000075654
564, 0.0232857774999502
565, 0.023690029499903176
566, 0.022746171749986388
567, 0.023530476500127406
568, 0.023964149499988707
569, 0.02347609199978251
570, 0.02343870174991025
571, 0.02365893425030663
572, 0.023315616750096524
573, 0.02434690199970646
574, 0.024167757249870192
575, 0.023909602999992785
576, 0.024862924499757355
577, 0.02408499600005598
578, 0.02419751900015399
579, 0.024472515500292502
580, 0.024778467750365962
581, 0.024196597000354814
582, 0.025371919999997772
583, 0.024299420500028646
584, 0.02514955925016693
585, 0.024887989000035304
586, 0.02505270775009194
587, 0.02488004374981756
588, 0.02428759424992677
589, 0.025040911749783845
590, 0.025519166750200384
591, 0.02476087050035858
592, 0.026347067250299006
593, 0.025518552500216174
594, 0.025146123499780515
595, 0.025967831749767356
596, 0.025230981500044436
597, 0.025651017499967566
598, 0.026015576000190777
599, 0.025650294749993918
600, 0.027499704749970988
601, 0.02588335825021204
602, 0.02612548475008225
603, 0.026385943500372377
604, 0.027201895500184037
605, 0.026721381249899423
606, 0.02845688050001627
607, 0.026345553249939258
608, 0.02743844225005887
609, 0.027717248250155535
610, 0.026148418000047968
611, 0.02647086400020271
612, 0.026841281749966583
613, 0.026591101750000234
614, 0.028114806750181742
615, 0.027565797499846667
616, 0.0266425537502073
617, 0.027484629250011494
618, 0.027683493249696767
619, 0.027754823000122997
620, 0.027634597749965906
621, 0.027096973999960028
622, 0.028777987000012217
623, 0.033098107499881735
624, 0.028011853000407427
625, 0.02818470949978291
626, 0.027573276499879285
627, 0.029409086249870597
628, 0.02761373499970432
629, 0.029241367500162596
630, 0.02909257425017131
631, 0.02922022275015479
632, 0.02896684625011403
633, 0.029217744000106904
634, 0.029303388250355056
635, 0.02967348949960069
636, 0.029780700250285008
637, 0.02936370675024591
638, 0.029673319249923225
639, 0.029730563499924756
640, 0.030282396749953477
641, 0.029244942749755864
642, 0.030274618500243378
643, 0.031216600249990734
644, 0.030478537999897526
645, 0.030010464749921084
646, 0.03012153625013525
647, 0.030695946250034467
648, 0.03201603649995377
649, 0.03193718500006071
650, 0.030712888749803824
651, 0.031205586250052875
652, 0.031140269250045094
653, 0.032226569000158634
654, 0.033652283500032354
655, 0.03237398300007044
656, 0.03124341574994105
657, 0.03151932899982057
658, 0.03167679824991865
659, 0.032815212000059546
660, 0.03176686850019905
661, 0.03271678074997908
662, 0.03287056674980704
663, 0.03421552524969229
664, 0.0327582825002537
665, 0.03388638524984344
666, 0.033121183500043117
667, 0.03262570299966683
668, 0.03426713425005801
669, 0.03298188674989433
670, 0.0331880574999559
671, 0.032809050750074675
672, 0.033019650250025734
673, 0.03362045924995982
674, 0.034192985000117915
675, 0.03321905800021341
676, 0.033808813999712584
677, 0.03396030325029642
678, 0.035584754750288994
679, 0.03371786800016707
680, 0.03612069099972359
681, 0.0343356534999657
682, 0.03494421899995359
683, 0.03425680899999861
684, 0.03861835650013745
685, 0.03753497800016703
686, 0.03445374500006437
687, 0.03491050550019281
688, 0.03502417224990495
689, 0.0344196777500656
690, 0.03713451349995012
691, 0.03680448225031796
692, 0.035110855249968154
693, 0.03472672275029254
694, 0.03642572775015651
695, 0.035590370499903656
696, 0.03574784374995943
697, 0.03680074575004255
698, 0.03598263050025707
699, 0.036586409250048746
700, 0.03653129849999459
701, 0.03547866825010715
702, 0.037003406250278204
703, 0.036160564250167226
704, 0.03667965600016032
705, 0.036433377750199725
706, 0.03637964674999239
707, 0.037515158250243985
708, 0.03635750525018011
709, 0.03762825374997192
710, 0.03725123249978424
711, 0.03772249775011005
712, 0.03829780624982959
713, 0.03887887275004687
714, 0.03747171624991097
715, 0.037865414999942004
716, 0.03776227549997202
717, 0.03852065099999891
718, 0.038651026749903394
719, 0.03817788850028592
720, 0.038674441250350355
721, 0.03906127900017964
722, 0.03893270175012731
723, 0.03965016475012817
724, 0.03855687824989218
725, 0.03913339124983395
726, 0.03985716550005236
727, 0.03977809000025445
728, 0.04041839599995001
729, 0.039062820250364894
730, 0.03914490575016316
731, 0.03937455024970404
732, 0.0398947157495968
733, 0.04017381199992087
734, 0.04025335475034808
735, 0.04113964074986143
736, 0.04103895949992875
737, 0.03987111200012805
738, 0.04093201775003763
739, 0.041335764749874215
740, 0.040925683000295976
741, 0.041148718999920675
742, 0.03977019925014247
743, 0.04087732674997824
744, 0.04385530299987295
745, 0.04092816025013235
746, 0.04165104625008098
747, 0.04133512674980011
748, 0.04716144099984376
749, 0.0506996664998951
750, 0.04471180449991152
751, 0.04677444624985583
752, 0.04414485750021413
753, 0.0431778239999403
754, 0.04302718425014973
755, 0.04285002774986424
756, 0.041978828749961394
757, 0.044626520500059996
758, 0.04245487675007098
759, 0.04312459974971716
760, 0.04304144150000866
761, 0.043308360499850096
762, 0.04472920550006165
763, 0.043171062000055827
764, 0.04444558375007546
765, 0.043946122999841464
766, 0.0453770642498057
767, 0.04390260650006894
768, 0.04354494324979896
769, 0.043780964500001573
770, 0.04549402175007344
771, 0.044280019249981706
772, 0.04502946425009213
773, 0.04476913774988134
774, 0.04326071699961176
775, 0.04605668925023565
776, 0.04485343224996541
777, 0.044716676749885664
778, 0.045808678999947006
779, 0.04569995524980186
780, 0.04624541600014709
781, 0.044912181749623414
782, 0.04501607624979442
783, 0.04608307574972059
784, 0.046112078499845666
785, 0.0457263594998949
786, 0.04626606725014426
787, 0.045820437999736896
788, 0.04742108324990113
789, 0.047359601999687584
790, 0.048245321750073344
791, 0.04604698200000712
792, 0.048482395250175614
793, 0.04685562949998712
794, 0.0465009975000612
795, 0.04630365399998482
796, 0.048362120000092546
797, 0.04683339024995803
798, 0.04725513800030967
799, 0.04775580149998859
800, 0.04786652924985901
801, 0.04976000800024849
802, 0.048353229250096774
803, 0.04800366049994409
804, 0.051378389000092284
805, 0.04932010150014321
806, 0.050614567499906116
807, 0.048007683500145504
808, 0.04760379475010268
809, 0.049973487250099424
810, 0.049217408999993495
811, 0.049399211250147346
812, 0.0490829312502683
813, 0.04938162500002363
814, 0.051054023249889724
815, 0.05030001849991095
816, 0.050777448000189906
817, 0.0524792702499326
818, 0.04944214199986163
819, 0.0505976842500786
820, 0.05058762324961208
821, 0.05015548649998891
822, 0.050546583750019636
823, 0.05071021774983819
824, 0.050580248499954905
825, 0.0510946312501801
826, 0.05191931150011442
827, 0.05151444625016666
828, 0.05257478749990696
829, 0.05275267424985941
830, 0.0510961787499582
831, 0.05191879924996101
832, 0.05204471024990198
833, 0.052483709000171075
834, 0.053435208999871975
835, 0.052110276500116015
836, 0.05336083049996887
837, 0.052417735750168504
838, 0.05222451274994455
839, 0.055552764250023756
840, 0.05351547800000844
841, 0.05296025500001633
842, 0.05333595675028846
843, 0.05222106175006047
844, 0.05445857974973478
845, 0.05343183500008308
846, 0.05297464299974308
847, 0.05542891000004602
848, 0.05350696074992811
849, 0.0541953580000154
850, 0.05920112774992958
851, 0.05672342724983537
852, 0.05820100099981573
853, 0.057634100999621296
854, 0.05885723700021117
855, 0.05589035100001638
856, 0.05637852549989475
857, 0.05478085124968857
858, 0.06071411924995118
859, 0.06717699250020814
860, 0.09927940950001357
861, 0.09894705899978362
862, 0.10301069474962787
863, 0.07730852900022
864, 0.07032061024983705
865, 0.0583169619999353
866, 0.05810578050022741
867, 0.06030917225007215
868, 0.060457531249994645
869, 0.061107883250315354
870, 0.05964602724998258
871, 0.0610771634997036
872, 0.06248655424997196
873, 0.06087478224981169
874, 0.06247092600005999
875, 0.06166761975009649
876, 0.058227359500051534
877, 0.0671031199999561
878, 0.10811056400007146
879, 0.07113485324998692
880, 0.06328401649989246
881, 0.0636478394999358
882, 0.06261496749993967
883, 0.06644729350000489
884, 0.061619082250217616
885, 0.06615166900019176
886, 0.06708942575005494
887, 0.06207613449987548
888, 0.062025104999975156
889, 0.06159558224999273
890, 0.06134722749993671
891, 0.08416895924983692
892, 0.06354630450005061
893, 0.06474783649991878
894, 0.06283809600017776
895, 0.06565080425025371
896, 0.07766661225014104
897, 0.061574367500270455
898, 0.06141167675014003
899, 0.06204872224998326
900, 0.06216142999983276
901, 0.06235562800020489
902, 0.06281174149989965
903, 0.06187479824984621
904, 0.06222852150040126
905, 0.06076571800031161
906, 0.06287942249991829
907, 0.06427087375004703
908, 0.06685706474991093
909, 0.0654788759998155
910, 0.06347511924968785
911, 0.06237431574982111
912, 0.06379505574977884
913, 0.06306619349970788
914, 0.0640664569996261
915, 0.0677037792502233
916, 0.06477805900021849
917, 0.06379942400008076
918, 0.06673144775004403
919, 0.06633815400027743
920, 0.06554705000007743
921, 0.06581155125013538
922, 0.06564044550032122
923, 0.0641467874997943
924, 0.06499572875009108
925, 0.06621142550011427
926, 0.0633576670002185
927, 0.06632447674974173
928, 0.06356718775032277
929, 0.06441228574976776
930, 0.0910965132502497
931, 0.08843446225000662
932, 0.08153220124995642
933, 0.06994521300021006
934, 0.06735063974974764
935, 0.0742136505000417
936, 0.0686442609999176
937, 0.09493679199977123
938, 0.11023514225007602
939, 0.07946128050025436
940, 0.10015050374977363
941, 0.1074986867502048
942, 0.08037294099995052
943, 0.09625178224996489
944, 0.08242946175005272
945, 0.07042393024994453
946, 0.0818692712500706
947, 0.08241109300024618
948, 0.09267370999987179
949, 0.07507885475024523
950, 0.10042002399995908
951, 0.08636232449998715
952, 0.07932737325018024
953, 0.10075169350011492
954, 0.09742616150015238
955, 0.08509819499977311
956, 0.07362419299988687
957, 0.06901319874987166
958, 0.07467978524982755
959, 0.08302159950017085
960, 0.0757880579999437
961, 0.07999817674999576
962, 0.0723741504998543
963, 0.10033175475018652
964, 0.10753201024999726
965, 0.07925544399995488
966, 0.07819007224998131
967, 0.08381965050011786
968, 0.0767289952500505
969, 0.07472766349974336
970, 0.07660694124979273
971, 0.08152815325001939
972, 0.08400765324995518
973, 0.07811851474980358
974, 0.08568261949994849
975, 0.09500955649991738
976, 0.07427302924998003
977, 0.07361292700034028
978, 0.07519106925019514
979, 0.07223084975021266
980, 0.11450238725001327
981, 0.08583596825019413
982, 0.09108730475008997
983, 0.09569499025019468
984, 0.07964348225004869
985, 0.08258399399983318
986, 0.0787122944998373
987, 0.12349817050017009
988, 0.08718320874959318
989, 0.07881360000010318
990, 0.07789006099983453
991, 0.07767862999980935
992, 0.07741468724998413
993, 0.07981029600023248
994, 0.08111752050035648
995, 0.08123845574982624
996, 0.07661016600013681
997, 0.07795172950000051
998, 0.07943239574979089
999, 0.08264342450002005
1000, 0.07870228625006348
1001, 0.08020865700018476
1002, 0.08302524774990161
1003, 0.0825500864998503
1004, 0.08100392149981417
1005, 0.07999427274990012
1006, 0.08208355950000623
1007, 0.07919940800002223
1008, 0.0869028304996391
1009, 0.08573325174984348
1010, 0.08027282224975352
1011, 0.08643877550002799
1012, 0.10600882075004847
1013, 0.09135224374995232
1014, 0.0850467329996718
1015, 0.09464309200029675
1016, 0.08552507374997731
1017, 0.08918502374990567
1018, 0.0822121530000004
1019, 0.08318886699998984
1020, 0.08577010999988488
1021, 0.09793560300022364
1022, 0.11646062725003503
1023, 0.09012843649998104
1024, 0.09633708675028174
1025, 0.08545774574986353
1026, 0.08334478549977575
1027, 0.09044076850022975
1028, 0.0858903872499468
1029, 0.08203859749983167
1030, 0.08776090100036527
1031, 0.08794423700010157
1032, 0.08230890174991146
1033, 0.08191173875002278
1034, 0.082614837249821
1035, 0.08146056324994788
1036, 0.09300554599985844
1037, 0.09935146574980536
1038, 0.08192975724978169
1039, 0.08423611175021506
1040, 0.08164381899996442
1041, 0.08265259049994711
1042, 0.08308954650010492
1043, 0.08334647599986056
1044, 0.08284172999992734
1045, 0.08230777949984258
1046, 0.08437604375012597
1047, 0.08246387374992992
1048, 0.08489367275024051
1049, 0.08291114199982985
1050, 0.08411531674983053
1051, 0.08321663800006718
1052, 0.08479759249985364
1053, 0.08608560074981142
1054, 0.0845974742501312
1055, 0.08412666474987418
1056, 0.0837595877496824
1057, 0.08440887249980733
1058, 0.08679663900011292
1059, 0.08424539600036951
1060, 0.08589534024986278
1061, 0.08610345049964963
1062, 0.0888339402499696
1063, 0.0860558552499242
1064, 0.08915256249974846
1065, 0.0931161482499192
1066, 0.08947307974995056
1067, 0.08752405674977126
1068, 0.08765334574991357
1069, 0.08704325799999424
1070, 0.08730753950021608
1071, 0.08729848475013569
1072, 0.09165867625006285
1073, 0.08944384149981488
1074, 0.08929674699993484
1075, 0.08828428850029013
1076, 0.08987575900027878
1077, 0.08873606374982046
1078, 0.09063932174967704
1079, 0.08733198024992816
1080, 0.0895613319999029
1081, 0.0895706362503006
1082, 0.09030762000020331
1083, 0.08843353249994834
1084, 0.08824611999989429
1085, 0.08977194574981695
1086, 0.09021086675011247
1087, 0.08913797374998467
1088, 0.09943583750009566
1089, 0.11377341449997402
1090, 0.09357176250023258
1091, 0.09980504424993342
1092, 0.09262374250010907
1093, 0.11225513475028492
1094, 0.10451860574994498
1095, 0.09370064824997826
1096, 0.09636250774974542
1097, 0.10261663274968669
1098, 0.09510215599993899
1099, 0.09760617700021612
1100, 0.09324188825030433
1101, 0.09607097800017073
1102, 0.09250833799978864
1103, 0.09406447300034415
1104, 0.09292192049997539
1105, 0.09932343150012457
1106, 0.09918433500024548
1107, 0.09655148650017509
1108, 0.09448182025016649
1109, 0.09373659574976045
1110, 0.09855838524981664
1111, 0.10728226000037466
1112, 0.10730598899999677
1113, 0.10226383224971869
1114, 0.10695802525015097
1115, 0.09858568050003669
1116, 0.1475011067500418
1117, 0.13696715149990268
1118, 0.10413424124999437
1119, 0.10056411725008729
1120, 0.10790251250000438
1121, 0.09598458824984846
1122, 0.10283737024974471
1123, 0.10778100650031774
1124, 0.09990804924973418
1125, 0.09714215275016613
1126, 0.09770971674970497
1127, 0.09560191475020474
1128, 0.09975818024986438
1129, 0.11881398149989764
1130, 0.10538669449988447
1131, 0.11737765875022887
1132, 0.10464918224988651
1133, 0.11127038525000899
1134, 0.10036790850017496
1135, 0.12990660699961154
1136, 0.12799356274990714
1137, 0.10545599224997204
1138, 0.09918558649997067
1139, 0.11284118425010092
1140, 0.11447947424994709
1141, 0.10882952449992445
1142, 0.1781574995002302
1143, 0.11068739474967515
1144, 0.10303599874987412
1145, 0.12750501150003402
1146, 0.13212994750028884
1147, 0.10241892800013375
1148, 0.10909294775001399
1149, 0.11101226975006284
1150, 0.1037559002497801
1151, 0.10260855075011932
1152, 0.10149467449991789
1153, 0.10126327550005954
1154, 0.09996700774991041
1155, 0.105607390500154
1156, 0.10320720250001614
1157, 0.10786202300005243
1158, 0.10476553199987393
1159, 0.10666898950012182
1160, 0.13823838325015458
1161, 0.11665365125008975
1162, 0.11593553324973982
1163, 0.10799945424969337
1164, 0.1026091782500771
1165, 0.10349867374998212
1166, 0.11029041374968074
1167, 0.10437221050005974
1168, 0.10699669550012914
1169, 0.10490135224972619
1170, 0.1074821325000812
1171, 0.10644218075003664
1172, 0.10260589824974886
1173, 0.10567181675014581
1174, 0.10559449174979818
1175, 0.10800448149984732
1176, 0.14263874300013413
1177, 0.11009067099985259
1178, 0.13468924275002792
1179, 0.16478032875011195
1180, 0.19582205899996552
1181, 0.12714804374991218
1182, 0.11149881849996746
1183, 0.174224636749841
1184, 0.2033216537502085
1185, 0.17410780825002803
1186, 0.1063175707499795
1187, 0.11051393500019913
1188, 0.10791520974999003
1189, 0.1208058044999234
1190, 0.14045880625008067
1191, 0.11207815400030086
1192, 0.11207515599971885
1193, 0.11370603375007704
1194, 0.10945504549999896
1195, 0.13179768624968347
1196, 0.19706721500006097
1197, 0.19992613899967182
1198, 0.1983319697501429
1199, 0.19970148125003107
1200, 0.20708361149991106
1201, 0.2058772450000106
1202, 0.20779154824958823
1203, 0.2098371267497896
1204, 0.20657760374979262
1205, 0.21132330900036322
1206, 0.20367710199980138
1207, 0.21326460850013973
1208, 0.19957912275003764
1209, 0.2099383075001242
1210, 0.20613398775003589
1211, 0.21244883174995266
1212, 0.2152479947503707
1213, 0.2069161262502348
1214, 0.2066869252498691
1215, 0.2076719880001292
1216, 0.2166312597501019
1217, 0.2088207347496791
1218, 0.22560165549975864
1219, 0.22435686000017085
1220, 0.22394502999986798
1221, 0.2255386092497247
1222, 0.24433255574967916
1223, 0.2353507179996086
1224, 0.2335336827500214
1225, 0.1892811702500694
1226, 0.13363274249968526
1227, 0.1527195179996852
1228, 0.16702019450031003
1229, 0.14628195100021912
1230, 0.15208846125005948
1231, 0.16754914349985484
1232, 0.16001126600031057
1233, 0.16313710499980516
1234, 0.14909903950001535
1235, 0.22018732225023996
1236, 0.18637770824989275
1237, 0.13718140250011857
1238, 0.13573188700001992
1239, 0.19726394299959793
1240, 0.17877855325014025
1241, 0.1671385790000386
1242, 0.12850622000041767
1243, 0.12047990175005907
1244, 0.11646737249975558
1245, 0.11652343975038093
1246, 0.11758204124998883
1247, 0.11863637350006684
1248, 0.11693953824988057
1249, 0.11898327399967457
1250, 0.11526491624999835
1251, 0.13018336074992476
1252, 0.11902568300001803
1253, 0.11853321449962095
1254, 0.12159803474969522
1255, 0.1178084680000211
1256, 0.11727083374989888
1257, 0.11933561924979585
1258, 0.12344149825003115
1259, 0.12006374224984029
1260, 0.11915564025002823
1261, 0.12252960224986964
1262, 0.1204617857501944
1263, 0.12074086875009016
1264, 0.12051436449974062
1265, 0.11968323749988485
1266, 0.12111170050002329
1267, 0.12307750149966523
1268, 0.12187807725013045
1269, 0.1241727052497481
1270, 0.12047628350001105
1271, 0.12153297550003117
1272, 0.12200582675041005
1273, 0.12210730874994624
1274, 0.12353900950029129
1275, 0.12519017075010197
1276, 0.1231440599999587
1277, 0.13029900399988037
1278, 0.12413170624995473
1279, 0.12433896274978906
1280, 0.12486062850030066
1281, 0.1236321272499481
1282, 0.12742495724978653
1283, 0.1255363292502807
1284, 0.13247204900017095
1285, 0.128712475249813
1286, 0.12212085300006947
1287, 0.1257874007501414
1288, 0.12526807624999492
1289, 0.12352279400010957
1290, 0.12716994250013158
1291, 0.1264434165000239
1292, 0.12871774500035826
1293, 0.12554453000029753
1294, 0.12566353399961372
1295, 0.12474247299996932
1296, 0.12748965524997402
1297, 0.14196577375014385
1298, 0.1360140132496781
1299, 0.12886586724971494
1300, 0.12836162749999858
1301, 0.12775335774995256
1302, 0.12701030649986933
1303, 0.12917773600020155
1304, 0.12906987924998248
1305, 0.12772120899990114
1306, 0.12804927375009356
1307, 0.13013846449985067
1308, 0.12784062150012687
1309, 0.13019300025007396
1310, 0.12995980699997745
1311, 0.12948817825008518
1312, 0.1288341899999068
1313, 0.12988465200032806
1314, 0.12925187199971333
1315, 0.13199329825010864
1316, 0.13537443025006723
1317, 0.13405651850007416
1318, 0.1327212784999574
1319, 0.13043538400006582
1320, 0.13029323524961
1321, 0.1315820290001284
1322, 0.13180020325035002
1323, 0.13518711250026172
1324, 0.1311520297504103
1325, 0.13150436249998165
1326, 0.13121652349991564
1327, 0.13640233075011565
1328, 0.1344676509997953
1329, 0.13260006700011218
1330, 0.1362224094996236
1331, 0.1326774372496402
1332, 0.1353851174999363
1333, 0.13276233450005748
1334, 0.13471739399983562
1335, 0.13288360374963304
1336, 0.1356068397499257
1337, 0.13659569450010167
1338, 0.13979721624991726
1339, 0.13754065574994456
1340, 0.13613113899964446
1341, 0.1368605679999746
1342, 0.13610772049969455
1343, 0.13513111724978444
1344, 0.13732927374985593
1345, 0.13639758824956516
1346, 0.13610022600005323
1347, 0.13602867274994423
1348, 0.1457086374998653
1349, 0.1378763514999264
1350, 0.13561347099994236
1351, 0.1360013512498881
1352, 0.13718925125021997
1353, 0.1533120865001365
1354, 0.1491815955000675
1355, 0.15454300249984954
1356, 0.1584160872503162
1357, 0.14243360725004095
1358, 0.1377169072502511
1359, 0.17304420024993306
1360, 0.1863746109997919
1361, 0.1478222740001911
1362, 0.14426501374964573
1363, 0.21853123800019603
1364, 0.1604015267498653
1365, 0.17047603775017706
1366, 0.14307430974986346
1367, 0.15188004299989188
1368, 0.16249889124992478
1369, 0.161461277250055
1370, 0.17056892549999247
1371, 0.15195559850008067
1372, 0.16043076625010144
1373, 0.147400109749924
1374, 0.16159970250009792
1375, 0.15244639850016029
1376, 0.20603346474990758
1377, 0.1539397429996825
1378, 0.15052473200012173
1379, 0.14509715575013615
1380, 0.14950892375009062
1381, 0.14596007674981593
1382, 0.15140138374999879
1383, 0.1543420735001746
1384, 0.15367866299993693
1385, 0.1610771317500621
1386, 0.1559963089998746
1387, 0.15996021699993435
1388, 0.14826912950002225
1389, 0.14564699950005888
1390, 0.14389111999980742
1391, 0.15334341025027243
1392, 0.14853785225022875
1393, 0.1512049217499225
1394, 0.149961089000044
1395, 0.1516827462501169
1396, 0.1863714364999396
1397, 0.1677373859997715
1398, 0.156607481500032
1399, 0.1522000879999723
1400, 0.15783061600041037
1401, 0.17949944599968148
1402, 0.19671428299989202
1403, 0.15920208550005555
1404, 0.17418384274969867
1405, 0.1634358572500787
1406, 0.1634401454998624
1407, 0.18517304224997133
1408, 0.18251023999982863
1409, 0.18778260525004953
1410, 0.18197142674989664
1411, 0.23185576925015994
1412, 0.16395014225008708
1413, 0.16033885599972564
1414, 0.19650855474992568
1415, 0.17172571324999808
1416, 0.17719044524983474
1417, 0.1588645137499043
1418, 0.17252419350006676
1419, 0.16343461425003625
1420, 0.16916014124990397
1421, 0.1666171832503096
1422, 0.2420568050001748
1423, 0.19969807799998307
1424, 0.17057688275008331
1425, 0.16239144025030328
1426, 0.16536041774998012
1427, 0.1540352547499424
1428, 0.1531129465001868
1429, 0.16392191075010487
1430, 0.15619597849990896
1431, 0.15591022100034024
1432, 0.1546833825000249
1433, 0.16118301474989494
1434, 0.17983725600015532
1435, 0.17580970124981832
1436, 0.18092545324998355
1437, 0.20506659824968665
1438, 0.17209333949995198
1439, 0.15953602850004245
1440, 0.15692143675005354
1441, 0.16078833324991137
1442, 0.1654308755000784
1443, 0.19592309549989295
1444, 0.1695113302498612
1445, 0.15799885024989635
1446, 0.15712768325010984
1447, 0.15768417224990117
1448, 0.15872893125015253
1449, 0.1612339879998217
1450, 0.15874506549971557
1451, 0.15995568925018233
1452, 0.1604741024998475
1453, 0.17709890774995074
1454, 0.16926831099999617
1455, 0.19425670049986365
1456, 0.18512593950026712
1457, 0.1853752759998315
1458, 0.16938894799977788
1459, 0.17478927325009863
1460, 0.17976264549997722
1461, 0.19079001174986843
1462, 0.19986404425026194
1463, 0.20385293775007085
1464, 0.18456131524999364
1465, 0.16721718149983644
1466, 0.1793927717499173
1467, 0.26007510850013205
1468, 0.17388551499971072
1469, 0.1886886682500517
1470, 0.171677907999765
1471, 0.19156575300030454
1472, 0.18341356075006843
1473, 0.2263876572501431
1474, 0.17841111999996428
1475, 0.19140824800024347
1476, 0.18622946149980635
1477, 0.19085852274974968
1478, 0.199449289000313
1479, 0.18798363600035373
1480, 0.17864399300015066
1481, 0.1801927397500549
1482, 0.18930099725002947
1483, 0.16987593124986233
1484, 0.16742621399998825
1485, 0.16919504999987112
1486, 0.1687408034999862
1487, 0.17830495699990934
1488, 0.17167456925017177
1489, 0.1781918872497954
1490, 0.17468969300034587
1491, 0.17561511900021287
1492, 0.19533111049986474
1493, 0.2170118287499463
1494, 0.20421976775014627
1495, 0.17653767999991032
1496, 0.17809746700004325
1497, 0.17651294124971173
1498, 0.17758956175021012
1499, 0.17383700949994818
1500, 0.173623144999965
1501, 0.17564657125012673
1502, 0.18450651874991308
1503, 0.17010928599984254
1504, 0.18572985424998478
1505, 0.17792390224985866
1506, 0.17458564175012725
1507, 0.17564275624999937
1508, 0.17759018349988764
1509, 0.17547907974994814
1510, 0.17539547475007566
1511, 0.17766922700002397
1512, 0.17396276125009535
1513, 0.17611193700031436
1514, 0.18128387024989934
1515, 0.17937026875006268
1516, 0.1789116329996432
1517, 0.17904320949992325
1518, 0.18231736425013878
1519, 0.18182412999976805
1520, 0.18550563774988404
1521, 0.18010990599987053
1522, 0.1805101322502196
1523, 0.17938813825003308
1524, 0.18259991324976
1525, 0.17450436774970512
1526, 0.17589337225035706
1527, 0.18333875049984272
1528, 0.1961537012498411
1529, 0.18709368625013667
1530, 0.1827007560000311
1531, 0.17938837224983217
1532, 0.18321683675003442
1533, 0.18458274400018126
1534, 0.1851837674998933
1535, 0.17742470800021692
1536, 0.18549119750014142
1537, 0.1808069130001968
1538, 0.179473418750149
1539, 0.1819437502499568
1540, 0.17933742049990542
1541, 0.1972696679999899
1542, 0.18830136275028053
1543, 0.1877118942497873
1544, 0.18628187349986547
1545, 0.18644954475030318
1546, 0.20130798699983643
1547, 0.19095540800026356
1548, 0.204610382249939
1549, 0.21898350474975814
1550, 0.22707602274977035
1551, 0.18455649274983443
1552, 0.18355418300006932
1553, 0.18539788225007214
1554, 0.18473934799976632
1555, 0.196511782250127
1556, 0.1913817944996481
1557, 0.19337623850015007
1558, 0.1953170082501856
1559, 0.1914549282500957
1560, 0.1929234197500591
1561, 0.19174021324988644
1562, 0.18889071349985898
1563, 0.18525013499993292
1564, 0.1969987302500158
1565, 0.20086680199983675
1566, 0.19990207174987518
1567, 0.21022424525017414
1568, 2.082972163249906
1569, 2.8238659367502805
1570, 0.1915555197501817
1571, 0.19402183474994672
1572, 0.1994620882496747
1573, 0.2019412267500229
1574, 0.20006430400007957
1575, 0.20905291074996057
1576, 0.20297817175014643
1577, 0.20667135199983022
1578, 0.20097003299997596
1579, 0.1913178344998414
1580, 0.1915859000000637
1581, 0.19132384024987914
1582, 0.19460095599970373
1583, 0.20379490025015912
1584, 0.1933857829999397
1585, 0.1976520727503157
1586, 0.19160443574992314
1587, 0.19252046375004284
1588, 0.19366997650013218
1589, 0.19428384124967124
1590, 0.20490947675034477
1591, 0.201555603000088
1592, 0.20337503524979184
1593, 0.21076078875012172
1594, 0.21814276774966856
1595, 0.21735572299985506
1596, 0.2035284949997731
1597, 0.20212760499998694
1598, 0.20205004924991954
1599, 0.206689353999991
1600, 0.20805687075016976
1601, 0.22023994824985493
1602, 0.32889478325023447
1603, 0.213108245499825
1604, 0.19952261150001505
1605, 0.1942453009996825
1606, 0.20431090749980285
1607, 0.21639662649977254
1608, 0.20003688399992825
1609, 0.2189011417499387
1610, 0.20385849400008738
1611, 0.1997520367499419
1612, 0.21702140575007434
1613, 0.2047241055001905
1614, 0.19911198149975462
1615, 0.20247599525009718
1616, 0.20230388775007668
1617, 0.20502047224999842
1618, 0.20733236100022623
1619, 0.20860130150003897
1620, 0.2073291517499456
1621, 0.20060553800021808
1622, 0.20834671525017256
1623, 0.21539822149998145
1624, 0.21660918825000408
1625, 0.21199353424981382
1626, 0.2185181495001416
1627, 0.20343306049971943
1628, 0.20365170549985123
1629, 0.20271933300000455
1630, 0.20203467574992828
1631, 0.20364766325019446
1632, 0.20095672374964124
1633, 0.20344415449972075
1634, 0.20299773824990552
1635, 0.20527173374966878
1636, 0.20212436974998127
1637, 0.21148259375013367
1638, 0.21443070000032094
1639, 0.21278768550018867
1640, 0.2139708370000335
1641, 0.23260442850005347
1642, 0.2078569227501248
1643, 0.20949225499998647
1644, 0.22197719274981864
1645, 0.3029738127497694
1646, 0.23419267174995184
1647, 0.23265251475004334
1648, 0.30801869774995794
1649, 0.3871899437499451
1650, 0.2613991967500624
1651, 0.2817437629996675
1652, 0.2708523290002631
1653, 0.3040053737499875
1654, 0.3327062002499588
1655, 0.2600495444999069
1656, 0.25831882949978535
1657, 0.2560266080004112
1658, 0.35936593949963935
1659, 0.22955360049991214
1660, 0.29143661875014004
1661, 0.3253554502498446
1662, 0.32128673449960843
1663, 0.2447100832500837
1664, 0.2286406905000149
1665, 0.2228579899997385
1666, 0.3153973070002394
1667, 0.23440857574996699
1668, 0.3068665995001538
1669, 0.22352631925014066
1670, 0.331577478500094
1671, 0.3714631007501339
1672, 0.23605199550001998
1673, 0.23454683274985655
1674, 0.2596513607500128
1675, 0.29545531375015344
1676, 0.2132636657497642
1677, 0.2142691787498734
1678, 0.22769641400009277
1679, 0.2286142707498584
1680, 0.2237601557499147
1681, 0.2351536307501192
1682, 0.22781663875002778
1683, 0.2402012302500225
1684, 0.2426320047502486
1685, 0.22705349124998975
1686, 0.22195171875000597
1687, 0.2166960455001572
1688, 0.22179576200005613
1689, 0.2191005872500682
1690, 0.21670267624995176
1691, 0.2224602772498656
1692, 0.22435064125011195
1693, 0.21746206124998935
1694, 0.23428086700005224
1695, 0.23488653874983356
1696, 0.2243481667501328
1697, 0.22631542350018208
1698, 0.23482403050002176
1699, 0.22915912174994446
1700, 0.2391424439997536
1701, 0.24325447725004778
1702, 0.2249921309999081
1703, 0.21911702924990095
1704, 0.21963909125042846
1705, 0.22223545399992872
1706, 0.22268915475024187
1707, 0.2269955307501732
1708, 0.22749665774972527
1709, 0.2210054802499144
1710, 0.22640747099967484
1711, 0.22306707300003836
1712, 0.22232720700003483
1713, 0.22811327074987275
1714, 0.2265228647497679
1715, 0.2234805499997492
1716, 0.22468862699997771
1717, 0.2272238877503696
1718, 0.2251262042500457
1719, 0.22753225325004678
1720, 0.23664700824974716
1721, 0.2746896067496891
1722, 0.22776021174968264
1723, 0.22584685750007338
1724, 0.243120649249704
1725, 0.23083894975025032
1726, 0.2440019470000152
1727, 0.2329958242498833
1728, 0.23875519749981322
1729, 0.22803237500011164
1730, 0.22784853899975133
1731, 0.22772000799977832
1732, 0.23125726099988242
1733, 0.23429016649970436
1734, 0.23634213724972142
1735, 0.23914001699995424
1736, 0.2300962812500984
1737, 0.23011430399992605
1738, 0.22851259349999964
1739, 0.23345985549985926
1740, 0.2298964977499054
1741, 0.22992259200009357
1742, 0.23041737750008906
1743, 0.2360667632501645
1744, 0.24039052325042576
1745, 0.22960552450012983
1746, 0.2325904927497504
1747, 0.23211495224995815
1748, 0.24474795724972864
1749, 0.2515867534998506
1750, 0.2325262157501129
1751, 0.2347179922498981
1752, 0.23595708850007213
1753, 0.23681946550004795
1754, 0.23395261399991796
1755, 0.23883322099982252
1756, 0.25859852175017295
1757, 0.25474250099978235
1758, 0.34304848125020726
1759, 0.25215057075001823
1760, 0.23913034075030737
1761, 0.25032135799983735
1762, 0.23525488050017884
1763, 0.23858626650007864
1764, 0.23663893399998415
1765, 0.2400649952501226
1766, 0.2373710840001877
1767, 0.2375264175002485
1768, 0.23909817649973775
1769, 0.2517637557498347
1770, 0.25144457450005575
1771, 0.2537969782501932
1772, 0.2491476072500518
1773, 0.23902001149963326
1774, 0.2397535717500432
1775, 0.23867744825020054
1776, 0.24630235250015176
1777, 0.24216718150000816
1778, 0.24322981474961125
1779, 0.24146418974987682
1780, 0.23910685550026756
1781, 0.23823048450003625
1782, 0.24123637074990256
1783, 0.24129305299993575
1784, 0.24305003800009217
1785, 0.24385278099998686
1786, 0.24425697725018836
1787, 0.2426262064996081
1788, 0.239463308249924
1789, 0.24594859074977649
1790, 0.24633245525001257
1791, 0.24579415874995902
1792, 0.2450225649999993
1793, 0.25451245300018854
1794, 0.2708704609999586
1795, 0.25478705124987755
1796, 0.26442880300010074
1797, 0.2559871630000998
1798, 0.2518706185001065
1799, 0.24844662375016924
1800, 0.2563116884998635
1801, 0.2493353622498944
1802, 0.24939060325004903
1803, 0.2493583802502144
1804, 0.24792597350005963
1805, 0.2465455817500697
1806, 0.24830856475000473
1807, 0.24578932399981568
1808, 0.24980726924968621
1809, 0.25209397799972066
1810, 0.2504257404998498
1811, 0.2501209227502841
1812, 0.2526073482499669
1813, 0.2579019277500265
1814, 0.2522100377495917
1815, 0.25083508124998843
1816, 0.2561076195001988
1817, 0.25782369575017583
1818, 0.25553123774989217
1819, 0.2778734567500578
1820, 0.3163359870000022
1821, 0.2811539637500573
1822, 0.27446405174987376
1823, 0.2544162909998704
1824, 0.2887757257499288
1825, 0.2649397935001616
1826, 0.276174683249792
1827, 0.25641512899983354
1828, 0.2575578304999908
1829, 0.25627974350027216
1830, 0.28256914399980815
1831, 0.3331141875000867
1832, 0.26337381825032935
1833, 0.2523693325001659
1834, 0.2542218112498631
1835, 0.25553767500014146
1836, 0.2743482472501455
1837, 0.27822495925011026
1838, 0.3282982782502586
1839, 0.25840422725013923
1840, 0.2570322319998013
1841, 0.2560121782503302
1842, 0.25620313900026304
1843, 0.2620933277498807
1844, 0.26068329225017806
1845, 0.2658334954999191
1846, 0.25820071025009383
1847, 0.2572826069999792
1848, 0.258267470499959
1849, 0.262238452749898
1850, 0.256704758000069
1851, 0.2635372009999628
1852, 0.2600720672503485
1853, 0.2544015890002811
1854, 0.25984764024997276
1855, 0.26145170525023786
1856, 0.25330166775029284
1857, 0.2622238422495684
1858, 0.28456495599994014
1859, 0.2672655440001108
1860, 0.2630336275001355
1861, 0.2654576262498267
1862, 0.2662539457501225
1863, 0.26412615725030264
1864, 0.2702477819998421
1865, 0.26618385824986035
1866, 0.26577776000021913
1867, 0.2655966982501923
1868, 0.2670410612499836
1869, 0.2675799102498786
1870, 0.27962512775002324
1871, 0.26742954699966504
1872, 0.3008003844997802
1873, 0.28006870750004964
1874, 0.27427995900006863
1875, 0.2844302600001356
1876, 0.27694185774998914
1877, 0.2872864949999894
1878, 0.2689722189998065
1879, 0.2884783680001419
1880, 0.29432613225026216
1881, 0.26941193975017086
1882, 0.2701544360002117
1883, 0.30648023225012366
1884, 0.2881396200000381
1885, 0.31094348150008955
1886, 0.2704158127498886
1887, 0.2714656917501088
1888, 0.2775313140000435
1889, 0.2680001932499181
1890, 0.2953161027498936
1891, 0.2723973767501775
1892, 0.27086239825030134
1893, 0.2770646537501307
1894, 0.2917667352498938
1895, 0.2891884810001102
1896, 0.2745698349999657
1897, 0.27565563024973017
1898, 0.27526329424972573
1899, 0.27528458699998737
1900, 0.2777351599997928
1901, 0.274755815250046
1902, 0.2802113967495643
1903, 0.2774729460002163
1904, 0.2801201507500082
1905, 0.2742535697502717
1906, 0.2923811364998983
1907, 0.2852992127500329
1908, 0.2821377562499947
1909, 0.27846546999990096
1910, 0.2758236559998295
1911, 0.2793098337497213
1912, 0.29953323324980374
1913, 0.3108985364997352
1914, 0.29457034925007974
1915, 0.28290330324989554
1916, 0.27820506400030354
1917, 0.27734489749991553
1918, 0.28015235824977935
1919, 0.29904812624999977
1920, 0.3246382844999971
1921, 0.28894469824990665
1922, 0.3168169197501811
1923, 0.2906806312498702
1924, 0.30330951699988873
1925, 0.31914122199987105
1926, 0.34462540100003025
1927, 0.2982896307498777
1928, 0.2843315397499282
1929, 0.28327319900017756
1930, 0.3142202937501679
1931, 0.30793539725027586
1932, 0.28612482349990387
1933, 0.284103764250176
1934, 0.2835143082502327
1935, 0.28479337324961307
1936, 0.28807973099992523
1937, 0.31382323449997784
1938, 0.3208395197502796
1939, 0.3247921550000683
1940, 0.5194820935003008
1941, 0.2965860640001665
1942, 0.3238207840004179
1943, 0.308877906250018
1944, 0.2922942652498932
1945, 0.2983829469999364
1946, 0.30953226624978925
1947, 0.323313515999871
1948, 0.3245398777498849
1949, 0.30008294849994854
1950, 0.3277190357498512
1951, 0.32265035224963867
1952, 0.3111423475002084
1953, 0.3017260100000385
1954, 0.3996222422501887
1955, 0.30149736825023865
1956, 0.2959834732496347
1957, 0.32679357200004233
1958, 0.33568598049987486
1959, 0.2984604377497817
1960, 0.2935690412500662
1961, 0.2968481894999968
1962, 0.2938481697501629
1963, 0.3099971279998499
1964, 0.30014418200016735
1965, 0.29219144025000787
1966, 0.2934705752500122
1967, 0.29847430974996314
1968, 0.297315640999841
1969, 0.30005260024972813
1970, 0.29572090874989954
1971, 0.29504600375003065
1972, 0.3232952335001755
1973, 0.315147360249739
1974, 0.339176205250169
1975, 0.3171687472499798
1976, 0.3377932882499408
1977, 0.3580100549997951
1978, 0.3304816189997837
1979, 0.32575946250017296
1980, 0.30276412300008815
1981, 0.3044389982501343
1982, 0.29763192575001085
1983, 0.2978843754999616
1984, 0.29710535025014906
1985, 0.31254819200012207
1986, 0.3019670154999403
1987, 0.30498497100006716
1988, 0.34678959725033565
1989, 0.32184446475002915
1990, 0.321498566000173
1991, 0.3242760194998482
1992, 0.3317744235000646
1993, 0.3502198592500463
1994, 0.33939918650003165
1995, 0.3439130924998608
1996, 0.3581933102500443
1997, 0.3038474005002172
1998, 0.3040026277499237
1999, 0.3065276160000394
