1, 1.2354000136838295e-07
2, 1.2420500024745707e-07
3, 1.1727399942174089e-07
4, 1.3795799895888194e-07
5, 1.350639995507663e-07
6, 1.3796600069326815e-07
7, 1.2117100050090812e-07
8, 1.3357300122152083e-07
9, 1.3379200026975012e-07
10, 1.4730300063092727e-07
11, 1.5103500118129886e-07
12, 1.2318100016273093e-07
13, 1.6011400111892727e-07
14, 1.312749991484452e-07
15, 1.337890007562237e-07
16, 1.3506299910659435e-07
17, 1.3589799891633447e-07
18, 1.3222999950812663e-07
19, 1.2062299902027008e-07
20, 1.3477899847202934e-07
21, 1.2184000115667003e-07
22, 1.2162599887233229e-07
23, 1.1781399916799273e-07
24, 2.9356499908317347e-07
25, 3.4409600084472914e-07
26, 1.464770011807559e-07
27, 1.271559995075222e-07
28, 1.2142299965489656e-07
29, 1.345170003332896e-07
30, 1.329869992332533e-07
31, 1.2084300033166075e-07
32, 1.20605000120122e-07
33, 1.226799995492911e-07
34, 1.214359999721637e-07
35, 1.220479989569867e-07
36, 1.3443099851428996e-07
37, 1.3494100130628795e-07
38, 1.342310006293701e-07
39, 1.2234899986651725e-07
40, 1.3482000031217467e-07
41, 1.2141799925302622e-07
42, 1.2195400086056907e-07
43, 1.3531200056604574e-07
44, 1.3475600098900032e-07
45, 1.20892998893396e-07
46, 1.5091199929884169e-07
47, 1.3361999845074024e-07
48, 1.33759000163991e-07
49, 1.200200003950158e-07
50, 1.5984699894033837e-07
51, 1.214380008605076e-07
52, 1.3067599866189994e-07
53, 1.3196299914852717e-07
54, 1.4575400018657091e-07
55, 1.3398500050243455e-07
56, 1.621669998712605e-07
57, 1.6316599976562428e-07
58, 1.2222300028952303e-07
59, 1.210449991049245e-07
60, 1.20964001325774e-07
61, 1.3463499999488703e-07
62, 1.214239982800791e-07
63, 1.4777899923501537e-07
64, 1.316840007348219e-07
65, 1.337829999101814e-07
66, 1.4591999934054912e-07
67, 1.3170300007914194e-07
68, 1.3035600022703874e-07
69, 1.308089995291084e-07
70, 1.309630006289808e-07
71, 1.3190800018492155e-07
72, 1.2121799954911694e-07
73, 1.2210200111439918e-07
74, 1.2056000014126767e-07
75, 1.2048600001435261e-07
76, 1.364189993182663e-07
77, 1.2052499914716464e-07
78, 1.214479998452589e-07
79, 1.1673699918901547e-07
80, 1.2959000014234334e-07
81, 1.3062100151728373e-07
82, 1.213649993587751e-07
83, 1.168590006273007e-07
84, 1.2924999828101135e-07
85, 1.3136900088284165e-07
86, 1.312220010731835e-07
87, 1.3085700084047857e-07
88, 1.6623199917376042e-07
89, 1.3365499944484327e-07
90, 1.1659399933705572e-07
91, 1.3306999971973709e-07
92, 1.3110600048094055e-07
93, 1.2169799992989284e-07
94, 1.490419999754522e-07
95, 1.4078200001677032e-07
96, 1.5174100008152892e-07
97, 1.740709994919598e-07
98, 1.3381899952946697e-07
99, 1.2259100003575441e-07
100, 1.5792100020917132e-07
101, 1.320789997407701e-07
102, 1.3137099995219615e-07
103, 2.836919993569609e-07
104, 3.5312100044393447e-07
105, 1.4477799959422556e-07
106, 1.7562699940754102e-07
107, 1.2151600094512104e-07
108, 1.210290010931203e-07
109, 1.350639995507663e-07
110, 1.368079992971616e-07
111, 1.3509299969882704e-07
112, 1.2054299986630212e-07
113, 1.2081200111424551e-07
114, 1.218270008394029e-07
115, 1.3464699986798224e-07
116, 1.221230013470631e-07
117, 1.1862900100823026e-07
118, 1.2152199997217396e-07
119, 1.3334100003703498e-07
120, 1.3634700007969513e-07
121, 1.3470399971993175e-07
122, 1.206319993798388e-07
123, 1.2194500050100032e-07
124, 1.167840000562137e-07
125, 1.3226999908511061e-07
126, 1.2101599895686376e-07
127, 2.1373100025812164e-07
128, 1.4164299864205533e-07
129, 1.3482299982570112e-07
130, 1.3618699995276984e-07
131, 1.3429499995254445e-07
132, 1.3460900117934217e-07
133, 1.3558200043917168e-07
134, 1.2168800094514154e-07
135, 1.8628399993758649e-07
136, 1.3508099982573186e-07
137, 1.3284600026963745e-07
138, 1.2200299897813237e-07
139, 1.219059995491989e-07
140, 1.6872900050657335e-07
141, 1.350820002699038e-07
142, 1.173290002043359e-07
143, 1.3229700016381684e-07
144, 1.3466400014294776e-07
145, 1.20663999041426e-07
146, 1.2119799976062494e-07
147, 2.0865099941147492e-07
148, 2.150330001313705e-07
149, 1.2194500050100032e-07
150, 1.208260000566952e-07
151, 1.1956099842791447e-07
152, 1.331210005446337e-07
153, 2.334950004296843e-07
154, 2.3834099920350128e-07
155, 2.4038100127654616e-07
156, 2.2910900042916183e-07
157, 1.458349997847108e-07
158, 1.509869998699287e-07
159, 1.3537700033339207e-07
160, 1.3745400065090507e-07
161, 1.2059599976055324e-07
162, 1.3502699948730878e-07
163, 1.5001000065240077e-07
164, 1.3918300101067872e-07
165, 1.2212000001454725e-07
166, 1.727439994283486e-07
167, 1.460450002923608e-07
168, 1.850260014180094e-07
169, 1.3115199908497742e-07
170, 1.3296599900058937e-07
171, 1.343969997833483e-07
172, 1.1753500075428747e-07
173, 1.1726299999281765e-07
174, 1.2218399933772162e-07
175, 2.310210002178792e-07
176, 1.54617999214679e-07
177, 1.343929998256499e-07
178, 1.373369996144902e-07
179, 1.4550500054610893e-07
180, 1.1914300011994783e-07
181, 1.2249700012034736e-07
182, 1.3333999959286303e-07
183, 1.4359799934027252e-07
184, 1.301319989579497e-07
185, 1.3155700071365572e-07
186, 1.337529993179487e-07
187, 2.2794800133851823e-07
188, 1.3176499851397237e-07
189, 1.3564799883170053e-07
190, 1.773939984559547e-07
191, 1.7011099953379016e-07
192, 1.4673799887532368e-07
193, 1.3001900151721203e-07
194, 1.3206999938120134e-07
195, 1.2118199992983137e-07
196, 1.2041800073347986e-07
197, 1.1641499986581038e-07
198, 1.3029300134803635e-07
199, 1.3169200065021869e-07
200, 1.2106500071240588e-07
201, 1.635690005059587e-07
202, 1.7057000150089153e-07
203, 1.510860001872061e-07
204, 1.341179995506536e-07
205, 1.3460199988912792e-07
206, 1.359210000373423e-07
207, 1.5103899932000786e-07
208, 1.3514400052372366e-07
209, 1.992679990507895e-07
210, 1.243250007973984e-07
211, 1.1725799959094729e-07
212, 1.541640012874268e-07
213, 1.354280011582887e-07
214, 1.370979989587795e-07
215, 1.3484099872584922e-07
216, 1.461589999962598e-07
217, 1.2065299961250274e-07
218, 1.217560002260143e-07
219, 1.2025900105072652e-07
220, 1.1939599971810822e-07
221, 1.345649998256704e-07
222, 1.2194999908388128e-07
223, 1.2248799976077863e-07
224, 1.2071800119883846e-07
225, 1.340549988526618e-07
226, 1.336780005658511e-07
227, 1.3486200077750253e-07
228, 1.332360006927047e-07
229, 1.3185399984649848e-07
230, 1.5541999891865998e-07
231, 2.2003100093570538e-07
232, 1.706769999145763e-07
233, 1.8147399896406568e-07
234, 1.1753699982364196e-07
235, 1.4574099986930378e-07
236, 1.2054199942213016e-07
237, 2.501839990145527e-07
238, 1.1570400056371e-07
239, 1.1680399984470569e-07
240, 1.1676900066959206e-07
241, 1.1724700016202405e-07
242, 1.1735499901988078e-07
243, 1.1660500058496837e-07
244, 1.1649499901977833e-07
245, 1.1852600073325448e-07
246, 1.168649996543536e-07
247, 1.2936299935972784e-07
248, 1.1575100143090822e-07
249, 1.1676800022542011e-07
250, 1.1685100071190391e-07
251, 3.3860499934235124e-07
252, 1.208000012411503e-07
253, 1.7305400069744792e-07
254, 1.2157499986642505e-07
255, 1.2051500016241334e-07
256, 2.1216700042714365e-07
257, 1.6466000124637504e-07
258, 1.196449993585702e-07
259, 1.216809996549273e-07
260, 1.3774299986835103e-07
261, 1.2108800001442431e-07
262, 1.375259998894762e-07
263, 1.2126900037401356e-07
264, 1.2183499893581028e-07
265, 1.3800699889543465e-07
266, 1.5621300008206163e-07
267, 1.3497799955075607e-07
268, 1.1580099999264348e-07
269, 1.188869991892716e-07
270, 1.363320006930735e-07
271, 2.1919600112596526e-07
272, 2.3458500072592868e-07
273, 2.3586600036651362e-07
274, 2.3340500047197564e-07
275, 1.7418199968233238e-07
276, 1.3555899931816384e-07
277, 1.3374599984672387e-07
278, 1.3752300037594978e-07
279, 1.5828599862288684e-07
280, 1.3586299974122085e-07
281, 1.3829900126438587e-07
282, 1.574100006109802e-07
283, 1.181719999294728e-07
284, 1.3572100033343304e-07
285, 1.3633700109494383e-07
286, 1.3465799929690547e-07
287, 1.5201200039882678e-07
288, 1.328529997408623e-07
289, 1.3540699910663535e-07
290, 1.3519099957193248e-07
291, 1.3479199878929648e-07
292, 1.3329200010048225e-07
293, 1.3398699957178905e-07
294, 1.3698899965675081e-07
295, 1.3856399891665206e-07
296, 1.1570899914659094e-07
297, 1.3441299961414187e-07
298, 1.3478700020641555e-07
299, 1.2150800102972425e-07
300, 1.5114199959498364e-07
301, 1.6069799858087208e-07
302, 1.2037899978167842e-07
303, 1.2388799950713292e-07
304, 1.229190002050018e-07
305, 1.351350001641549e-07
306, 1.4095500046096278e-07
307, 1.2091999997210223e-07
308, 1.350620004814118e-07
309, 1.1759599874494598e-07
310, 1.3426599980448372e-07
311, 1.3454100007948e-07
312, 2.085090000036871e-07
313, 2.3577400133945047e-07
314, 1.3159599984646774e-07
315, 1.3485199997376185e-07
316, 1.7086400112020784e-07
317, 1.3487799878930674e-07
318, 1.365059997624485e-07
319, 1.4626499978476204e-07
320, 1.3491499885276424e-07
321, 1.2210900058562402e-07
322, 1.212759998452384e-07
323, 2.3728500127617734e-07
324, 1.3088299965602346e-07
325, 2.2356199951900636e-07
326, 1.3579200094682164e-07
327, 1.3149100050213746e-07
328, 1.3558600039687007e-07
329, 1.3563599895860535e-07
330, 1.1701599942171015e-07
331, 1.317349997407291e-07
332, 1.3061200115771498e-07
333, 1.6153200158441906e-07
334, 1.3169300109439064e-07
335, 1.3076100003672763e-07
336, 1.3378099902183748e-07
337, 1.3107099948683753e-07
338, 1.4509399989037775e-07
339, 1.310499992541736e-07
340, 1.3172500075597783e-07
341, 1.3101699914841448e-07
342, 1.3183000010030809e-07
343, 1.3469199984683656e-07
344, 1.198800000565825e-07
345, 1.3521000073524191e-07
346, 1.2113199954910668e-07
347, 1.3471599959302693e-07
348, 1.2962999971932732e-07
349, 1.332319989160169e-07
350, 1.399810007569613e-07
351, 1.5947100109769963e-07
352, 1.3510800090443809e-07
353, 1.315729987254599e-07
354, 1.4444400039792527e-07
355, 1.3156499881006313e-07
356, 1.3174400010029785e-07
357, 1.351509999949485e-07
358, 1.222099999722559e-07
359, 1.210469999932684e-07
360, 1.1803899906226433e-07
361, 1.3536200094677043e-07
362, 1.3104600111546462e-07
363, 1.208260000566952e-07
364, 1.3341799967747647e-07
365, 1.3403400043898729e-07
366, 1.3092800145386717e-07
367, 1.3126600060786587e-07
368, 1.328369999100687e-07
369, 1.2141799925302622e-07
370, 1.4762699902348687e-07
371, 1.3215900071372744e-07
372, 1.3066999963484705e-07
373, 1.3275299897941294e-07
374, 1.1967099999310448e-07
375, 1.3224599933892022e-07
376, 1.2085400157957338e-07
377, 1.3557800048147327e-07
378, 1.1643200014077593e-07
379, 1.3137099995219615e-07
380, 1.3424499957181978e-07
381, 1.220400008605793e-07
382, 1.8261400146002415e-07
383, 1.2083199908374808e-07
384, 1.3351800043892582e-07
385, 1.3365799895836972e-07
386, 1.585930003784597e-07
387, 1.445050002075732e-07
388, 1.460620005673263e-07
389, 1.2074000005668496e-07
390, 1.291169992327923e-07
391, 1.1766299940063618e-07
392, 1.313520006078761e-07
393, 1.1690400060615503e-07
394, 1.3137899986759295e-07
395, 1.347579982393654e-07
396, 1.2053700083924923e-07
397, 1.439970001229085e-07
398, 1.30363001517253e-07
399, 1.1673999870254193e-07
400, 1.1672399887174834e-07
401, 1.337349985988112e-07
402, 2.1800799913762602e-07
403, 2.841360001184512e-07
404, 2.8448399825720115e-07
405, 1.7335700067633297e-07
406, 1.208260000566952e-07
407, 1.9883000095433089e-07
408, 1.5711500054749194e-07
409, 1.9447299928287975e-07
410, 2.4549699992348904e-07
411, 1.9433499983279035e-07
412, 1.567309991514776e-07
413, 1.381840011163149e-07
414, 1.229779991263058e-07
415, 1.1711899969668594e-07
416, 1.4503999955195468e-07
417, 1.3951000073575414e-07
418, 2.349320002394961e-07
419, 1.348170007986482e-07
420, 1.347010002064053e-07
421, 1.3479100016411394e-07
422, 1.2151599912613163e-07
423, 1.221530001203064e-07
424, 1.3582700012193528e-07
425, 1.3428300007944927e-07
426, 1.3442599993140903e-07
427, 1.2211700050102082e-07
428, 1.2080899978172965e-07
429, 1.3683500037586782e-07
430, 1.1803000052168499e-07
431, 1.5847199938434643e-07
432, 1.2883700037491508e-07
433, 1.3404899982560892e-07
434, 1.3269800001580734e-07
435, 1.6156799938471522e-07
436, 1.4450900016527157e-07
437, 1.331229996139882e-07
438, 1.3452399980451445e-07
439, 1.3151500024832785e-07
440, 1.3490099991031456e-07
441, 1.1948800056416075e-07
442, 1.3468399993143977e-07
443, 1.1706400073308032e-07
444, 1.344359989161603e-07
445, 1.4660600027127658e-07
446, 1.209799993375782e-07
447, 1.4823099991190248e-07
448, 1.6777499877207447e-07
449, 1.2353599959169515e-07
450, 1.2208899897814263e-07
451, 1.2153900024713948e-07
452, 3.206010005669668e-07
453, 3.0184800016286317e-07
454, 2.3665000117034653e-07
455, 2.1236399879853706e-07
456, 2.3951599905558395e-07
457, 2.4180699983844534e-07
458, 2.3701299869571813e-07
459, 2.3989900000742636e-07
460, 2.4843299979693257e-07
461, 2.521070000511827e-07
462, 2.280730004713405e-07
463, 2.4621200100227723e-07
464, 2.509360001567984e-07
465, 2.512079990992788e-07
466, 2.550729986978695e-07
467, 3.4733500069705767e-07
468, 2.488469999661902e-07
469, 2.5501199888822157e-07
470, 2.509959995222744e-07
471, 2.551030011090916e-07
472, 2.528300010453677e-07
473, 2.527699998609023e-07
474, 2.505770007701358e-07
475, 2.504760013835039e-07
476, 2.4841499907779507e-07
477, 2.5200299933203496e-07
478, 2.3651499941479415e-07
479, 2.3618200066266581e-07
480, 2.2764200002711733e-07
481, 2.3736600087431726e-07
482, 2.338840004085796e-07
483, 2.2266599989961833e-07
484, 1.7406700135325083e-07
485, 1.731510001263814e-07
486, 1.6932900143729058e-07
487, 1.6675599908921868e-07
488, 1.738579994707834e-07
489, 1.7402699995727743e-07
490, 1.6240700097114313e-07
491, 1.4033499974175357e-07
492, 1.8364199968345929e-07
493, 1.2066899944329634e-07
494, 1.7585100067663007e-07
495, 2.2561100013263058e-07
496, 2.4223900072684046e-07
497, 2.3369999871647452e-07
498, 2.320749990758486e-07
499, 2.1595799989881925e-07
500, 2.4224899971159175e-07
501, 2.1292499877745285e-07
502, 2.3086200053512584e-07
503, 2.5748299958650025e-07
504, 2.464389999659033e-07
505, 2.4716999905649573e-07
506, 2.3370700000668877e-07
507, 2.4836100055836143e-07
508, 2.2424899907491637e-07
509, 2.2973799968895038e-07
510, 2.443310004309751e-07
511, 2.4056999973254277e-07
512, 2.748670012806542e-07
513, 2.484990000084508e-07
514, 2.3491899992222897e-07
515, 2.6064399935421535e-07
516, 2.6117900051758624e-07
517, 2.726660004555015e-07
518, 4.2959100028383545e-07
519, 3.1097300052351783e-07
520, 2.4814700009301304e-07
521, 2.6210700161755085e-07
522, 2.270300010422943e-07
523, 2.806789998430759e-07
524, 2.3814799897081685e-07
525, 2.132600002369145e-07
526, 2.307720005774172e-07
527, 2.5429699962842276e-07
528, 2.543620012147585e-07
529, 2.3834899911889808e-07
530, 2.5656100115156733e-07
531, 2.4841100093908607e-07
532, 2.0421499903022778e-07
533, 2.2971199905441608e-07
534, 2.417919986328343e-07
535, 2.3639399842068088e-07
536, 2.486789999238681e-07
537, 2.5598200045351404e-07
538, 2.19133999053156e-07
539, 2.3178999981610103e-07
540, 2.6103200070792807e-07
541, 2.506309992895694e-07
542, 2.2616800015384796e-07
543, 2.511329985281918e-07
544, 2.414350001345156e-07
545, 2.2264099970925598e-07
546, 2.79799998679664e-07
547, 2.2012299996276853e-07
548, 2.3820000023988542e-07
549, 2.454310015309602e-07
550, 2.079519999824697e-07
551, 2.5596200066502206e-07
552, 2.3157000032369978e-07
553, 2.1846699928573798e-07
554, 2.445189984427998e-07
555, 2.2498399994219654e-07
556, 2.381309986958513e-07
557, 2.392480000708019e-07
558, 2.1176799964450765e-07
559, 2.2617800095758867e-07
560, 2.1508399913727772e-07
561, 2.2996300140221138e-07
562, 2.536369993322296e-07
563, 2.1499399917956907e-07
564, 2.511549992050277e-07
565, 2.2224100030143746e-07
566, 3.9782900057616646e-07
567, 2.2753300072508863e-07
568, 2.3142200006986968e-07
569, 2.336670004297048e-07
570, 2.1759300034318586e-07
571, 2.546969990362413e-07
572, 2.1774699962406886e-07
573, 2.2203899970918428e-07
574, 2.513090003049001e-07
575, 2.6538900056038985e-07
576, 2.2176299899001607e-07
577, 2.530230012780521e-07
578, 2.1293099962349514e-07
579, 2.255890012747841e-07
580, 2.5201900098181794e-07
581, 2.1013500008848495e-07
582, 2.3716999930911697e-07
583, 2.7777099967352116e-07
584, 2.2367100064002444e-07
585, 2.2234799871512222e-07
586, 2.712559999054065e-07
587, 2.2025199905328917e-07
588, 2.0150300042587332e-07
589, 2.3033499928715174e-07
590, 2.2696599990013055e-07
591, 2.2484400142275264e-07
592, 1.9794999934674706e-07
593, 2.3274400155059994e-07
594, 2.2592899949813728e-07
595, 2.2759199964639264e-07
596, 2.253679995192215e-07
597, 2.341109993722057e-07
598, 2.489990001777187e-07
599, 2.7433100149210076e-07
600, 2.65267000941094e-07
601, 2.854270005627768e-07
602, 2.2089500089350622e-07
603, 2.6197500119451433e-07
604, 2.1142299920029473e-07
605, 1.95206999705988e-07
606, 2.570050000940682e-07
607, 2.5019299937412145e-07
608, 2.491149989509722e-07
609, 2.5565599935362116e-07
610, 2.5508799990348053e-07
611, 2.553359990997706e-07
612, 2.9097500009811484e-07
613, 2.3686300119152294e-07
614, 2.3371099996438716e-07
615, 3.298190003988566e-07
616, 2.3835700085328426e-07
617, 2.5586199990357273e-07
618, 2.406999992672354e-07
619, 2.8075099908164703e-07
620, 2.4221599960583264e-07
621, 2.617979989736341e-07
622, 2.42413998421398e-07
623, 2.2998700114840177e-07
624, 2.4461899920424913e-07
625, 2.4180699983844534e-07
626, 2.3427800078934524e-07
627, 2.4998499975481535e-07
628, 2.3664199943596032e-07
629, 2.2339799943438266e-07
630, 2.688170006877044e-07
631, 2.5370699950144624e-07
632, 2.464019999024458e-07
633, 2.6197999977739526e-07
634, 2.548080010456033e-07
635, 2.3235200023918878e-07
636, 2.3789300030330196e-07
637, 2.533650003897492e-07
638, 2.8027799999108537e-07
639, 2.5295900013588837e-07
640, 2.783489999274025e-07
641, 2.4232599935203326e-07
642, 2.3513899941463025e-07
643, 2.509990008547902e-07
644, 2.4957100140454713e-07
645, 2.463100008753827e-07
646, 2.5051500051631594e-07
647, 2.4683599986019547e-07
648, 2.9521000033128073e-07
649, 2.559509994171094e-07
650, 2.4827299967000726e-07
651, 2.36118999964674e-07
652, 2.561050005169818e-07
653, 2.557349998824066e-07
654, 2.53107999014901e-07
655, 2.592079999885755e-07
656, 2.504570002201945e-07
657, 2.2066499877837486e-07
658, 2.3028199939290062e-07
659, 2.4922699958551675e-07
660, 2.4521399973309596e-07
661, 4.2251400009263305e-07
662, 2.552250007283874e-07
663, 2.4623000172141474e-07
664, 2.5316400024166795e-07
665, 2.400819994363701e-07
666, 2.516690001357347e-07
667, 2.3727300140308216e-07
668, 2.617329992062878e-07
669, 2.616480014694389e-07
670, 2.9773000096611213e-07
671, 2.4845500047376846e-07
672, 2.324130000488367e-07
673, 2.562640001997352e-07
674, 2.4539399964851326e-07
675, 2.803019997372758e-07
676, 2.6273699950252194e-07
677, 2.455009998811875e-07
678, 2.2507700123242102e-07
679, 2.406109997536987e-07
680, 2.2951500068302267e-07
681, 2.6064799931191373e-07
682, 2.4362400108657314e-07
683, 2.389269993727794e-07
684, 2.5214100060111377e-07
685, 2.482089985278435e-07
686, 2.3069800045050214e-07
687, 2.4593399939476514e-07
688, 2.383700011705514e-07
689, 2.513859999453416e-07
690, 2.423269997962052e-07
691, 2.4051999935181813e-07
692, 2.5239200112991967e-07
693, 2.4763399960647803e-07
694, 2.5125499996647704e-07
695, 2.498440007911995e-07
696, 2.3636399964743758e-07
697, 2.4888500047381966e-07
698, 2.408939999440918e-07
699, 2.4324600053660104e-07
700, 2.4176300030376295e-07
701, 2.8132300030847543e-07
702, 2.6346899903728627e-07
703, 2.458449998812284e-07
704, 2.4267899971164296e-07
705, 2.38504999288125e-07
706, 2.3398600023938344e-07
707, 2.2428600095736328e-07
708, 2.544479993957793e-07
709, 2.3218099886435085e-07
710, 2.67842000539531e-07
711, 2.4831700102367903e-07
712, 2.533269998821197e-07
713, 2.8120100068917965e-07
714, 2.58119000136503e-07
715, 2.8053499954694417e-07
716, 2.4563399892940654e-07
717, 2.1300799926393665e-07
718, 2.39684999542078e-07
719, 2.42583999352064e-07
720, 2.51523999395431e-07
721, 2.24642999455682e-07
722, 2.2397899920179043e-07
723, 2.402090012765257e-07
724, 2.519489989936119e-07
725, 2.2668000019621104e-07
726, 2.665819993126206e-07
727, 2.8015300085826313e-07
728, 2.701379999052733e-07
729, 2.8052500056219287e-07
730, 2.419579996058019e-07
731, 2.4867600041034164e-07
732, 2.599060007923981e-07
733, 2.5520999952277636e-07
734, 2.47536001552362e-07
735, 2.611170002637664e-07
736, 2.419009997538524e-07
737, 2.2083200019551442e-07
738, 2.406500007055001e-07
739, 2.310599993506912e-07
740, 2.2764599998481572e-07
741, 2.6447799973539077e-07
742, 2.666500004124828e-07
743, 2.752050004346529e-07
744, 2.673349990800489e-07
745, 2.912379986810265e-07
746, 2.387250005995156e-07
747, 2.217860001110239e-07
748, 2.39514998611412e-07
749, 2.2258999888435936e-07
750, 2.4824700085446237e-07
751, 4.1825300104392227e-07
752, 3.11941999825649e-07
753, 2.9099099992890843e-07
754, 2.5573099992470814e-07
755, 2.4701500115043016e-07
756, 2.3399099882226437e-07
757, 2.488589998392854e-07
758, 2.465249999659136e-07
759, 2.3300800057768356e-07
760, 2.523540006222902e-07
761, 2.3862800117058213e-07
762, 2.486409994162386e-07
763, 2.3642000087420457e-07
764, 2.8363599994918333e-07
765, 2.493510000931565e-07
766, 2.5619100051699206e-07
767, 2.937680001195986e-07
768, 2.7577499895414806e-07
769, 2.5927200113073924e-07
770, 2.66468001427711e-07
771, 2.3633399905520492e-07
772, 2.674730003491277e-07
773, 2.340930004720576e-07
774, 2.4365299941564443e-07
775, 2.61131999650388e-07
776, 2.677350003068568e-07
777, 2.432919991406379e-07
778, 2.68757999947411e-07
779, 2.5073200049519073e-07
780, 2.769229995465139e-07
781, 2.5744300000951624e-07
782, 2.510960002837237e-07
783, 2.980130011565052e-07
784, 3.044049990421627e-07
785, 2.2803899992140942e-07
786, 2.4612299966975113e-07
787, 2.5496499984001277e-07
788, 2.496439992683008e-07
789, 2.414489990769653e-07
790, 2.4096699962683486e-07
791, 2.347860008740099e-07
792, 2.454879995639203e-07
793, 2.7441000020189674e-07
794, 2.4083099924609996e-07
795, 2.3405600040860008e-07
796, 3.5078700057056267e-07
797, 2.4552499962737784e-07
798, 2.5798800015763844e-07
799, 2.3513700034527575e-07
800, 2.605209992907476e-07
801, 2.5877600091916975e-07
802, 2.598060000309488e-07
803, 2.548829997977009e-07
804, 2.4466600007144736e-07
805, 2.4435799969069194e-07
806, 2.394660004938487e-07
807, 2.3027499992167578e-07
808, 2.3739800053590442e-07
809, 2.3297199913940857e-07
810, 2.3794399930920917e-07
811, 2.3942000007082245e-07
812, 2.3238599897013047e-07
813, 2.3815900021872949e-07
814, 2.382459988439223e-07
815, 2.277330004289979e-07
816, 2.5666500005172566e-07
817, 2.399179993517464e-07
818, 2.436810009385226e-07
819, 2.3853299899201373e-07
820, 2.443789999233559e-07
821, 2.5054199977603276e-07
822, 2.515699998184573e-07
823, 2.386920004937565e-07
824, 2.3793199943611398e-07
825, 2.627050016599242e-07
826, 2.5714900039019994e-07
827, 2.6301299840270074e-07
828, 2.323059998161625e-07
829, 2.388770008110441e-07
830, 2.508070010662777e-07
831, 2.50265000431682e-07
832, 2.457360005791998e-07
833, 2.5992500013671815e-07
834, 2.4013800066313704e-07
835, 2.4692800070624797e-07
836, 2.4386599943682084e-07
837, 2.501140006643254e-07
838, 2.388010016147746e-07
839, 2.4507299895049075e-07
840, 2.440429998387117e-07
841, 2.5435899988224266e-07
842, 2.591249995020917e-07
843, 2.4393099920416714e-07
844, 2.3691000023973173e-07
845, 3.8931100061745384e-07
846, 2.5013900085468776e-07
847, 2.4472699988109523e-07
848, 2.5951200041163247e-07
849, 2.4092999956337736e-07
850, 2.4351000138267407e-07
851, 2.3820600108592772e-07
852, 2.3652600066270678e-07
853, 2.3160599994298535e-07
854, 1.9537499974831008e-07
855, 2.243429989903234e-07
856, 2.433219997328706e-07
857, 2.435890000924701e-07
858, 2.431399989291094e-07
859, 2.525020008761203e-07
860, 2.4594600108684973e-07
861, 2.419080010440666e-07
862, 2.4881399986043107e-07
863, 2.476819990988588e-07
864, 2.493920001143124e-07
865, 2.4604800091765353e-07
866, 2.47767999098869e-07
867, 2.472439991834108e-07
868, 2.449929997965228e-07
869, 2.4388600104430225e-07
870, 2.4562299950048326e-07
871, 2.4675699933141005e-07
872, 2.454740006214706e-07
873, 2.470880008331733e-07
874, 2.4910300089686644e-07
875, 2.4633300017740114e-07
876, 2.492900002835086e-07
877, 2.446229991619475e-07
878, 2.530269994167611e-07
879, 2.532679991418263e-07
880, 2.4141799985955e-07
881, 2.43748998400406e-07
882, 2.517970006010728e-07
883, 2.492479998181807e-07
884, 2.4994000159495047e-07
885, 2.3473600049328525e-07
886, 2.4704699899302796e-07
887, 2.47175999902538e-07
888, 2.467829999659443e-07
889, 2.3764499928802252e-07
890, 2.3970000074768907e-07
891, 2.3122499987948686e-07
892, 2.4565100102336144e-07
893, 2.3666900051466655e-07
894, 3.694910010381136e-07
895, 3.2013099917094223e-07
896, 2.605340014270041e-07
897, 2.6272700051777064e-07
898, 2.4410900005022996e-07
899, 2.3235799926624166e-07
900, 2.307699996890733e-07
901, 2.376869997533504e-07
902, 2.4905899954319466e-07
903, 2.5053399986063593e-07
904, 2.4462200053676497e-07
905, 2.532369999244111e-07
906, 2.4027600011322647e-07
907, 2.4821800070640163e-07
908, 2.467340000293916e-07
909, 2.4907700026233217e-07
910, 2.4408100034634116e-07
911, 2.4951200066425374e-07
912, 2.514199986762833e-07
913, 2.511510010663187e-07
914, 2.5807699967117515e-07
915, 2.454080004099524e-07
916, 2.5385600019944833e-07
917, 2.499919992260402e-07
918, 2.3339600011240692e-07
919, 2.4217999998654707e-07
920, 2.4431400015600955e-07
921, 2.4564700106566306e-07
922, 2.54803000643733e-07
923, 2.596600006654626e-07
924, 2.5953000113077e-07
925, 2.572070006863214e-07
926, 2.4933100030466446e-07
927, 2.595999994809972e-07
928, 2.592109995021019e-07
929, 2.2998500026005786e-07
930, 2.3727600091660862e-07
931, 2.3605299975315576e-07
932, 2.3696500102232676e-07
933, 2.1855399972992017e-07
934, 2.2207300025911535e-07
935, 2.5303399888798597e-07
936, 2.3863500064180697e-07
937, 2.409909993730253e-07
938, 2.490110000508139e-07
939, 2.5083999935304745e-07
940, 2.5184299920510965e-07
941, 2.502940005797427e-07
942, 2.4704900170036126e-07
943, 3.678519988170592e-07
944, 2.586640002846252e-07
945, 2.5414599986106625e-07
946, 2.5325300157419405e-07
947, 2.3564799994346684e-07
948, 2.409099997748854e-07
949, 2.496960005373694e-07
950, 2.4319099975400604e-07
951, 2.3521199909737334e-07
952, 2.1561599896813278e-07
953, 2.4206299895013216e-07
954, 2.3522099945694207e-07
955, 2.397640000708634e-07
956, 2.4818600104481445e-07
957, 2.3096699987945613e-07
958, 2.392759997746907e-07
959, 2.3758899988024494e-07
960, 2.3508500089519658e-07
961, 2.3690399939368944e-07
962, 2.3300399880099576e-07
963, 2.362039995205123e-07
964, 2.497269997547846e-07
965, 2.488490008545341e-07
966, 2.3818800036679022e-07
967, 2.1862799985683522e-07
968, 2.413519996480318e-07
969, 2.3717700059933122e-07
970, 2.185180001106346e-07
971, 2.5913900026353075e-07
972, 2.5727100000949577e-07
973, 2.5026900038938036e-07
974, 2.3702200087427627e-07
975, 2.693310016184114e-07
976, 2.6400299975648524e-07
977, 2.3861800036684145e-07
978, 2.3195399990072473e-07
979, 2.6161699861404483e-07
980, 2.5859800007310693e-07
981, 2.634089996718103e-07
982, 2.5653699958638753e-07
983, 2.3632900047232397e-07
984, 2.3569600125483703e-07
985, 2.503399991837796e-07
986, 2.413530000922037e-07
987, 2.4157400002877695e-07
988, 2.4721900081203787e-07
989, 2.8025900064676537e-07
990, 2.4621600095997567e-07
991, 3.6890299998049157e-07
992, 2.457390000927262e-07
993, 2.377639993937919e-07
994, 2.3841999973228665e-07
995, 2.2505300148623063e-07
996, 2.474029988661641e-07
997, 2.2411600002669728e-07
998, 2.2931999956199433e-07
999, 2.803619991027517e-07
1000, 2.491490013198927e-07
1001, 2.547290005168179e-07
1002, 2.5166299928969235e-07
1003, 2.4277099873870613e-07
1004, 2.3175400019681546e-07
1005, 2.4329000007128344e-07
1006, 2.4977799876069186e-07
1007, 2.347879999433644e-07
1008, 2.568100007920293e-07
1009, 3.128079988528043e-07
1010, 2.3564200091641396e-07
1011, 2.6703700132202357e-07
1012, 2.4347700127691496e-07
1013, 2.3166400023910682e-07
1014, 2.3385900021821726e-07
1015, 2.546579999034293e-07
1016, 2.5623500005167445e-07
1017, 2.4404200121352913e-07
1018, 2.4803999986033887e-07
1019, 2.038709990301868e-07
1020, 1.2123099986638408e-07
1021, 1.207229997817194e-07
1022, 1.2072300160070882e-07
1023, 1.2222599980304949e-07
1024, 1.210469999932684e-07
1025, 1.2240000069141387e-07
1026, 1.2086000060662627e-07
1027, 1.2206499923195224e-07
1028, 1.2163500105089042e-07
1029, 1.211340004374506e-07
1030, 1.2138499914726707e-07
1031, 1.322030002484098e-07
1032, 1.211280014103977e-07
1033, 1.3742699957219884e-07
1034, 2.492989988240879e-07
1035, 2.5080199884541796e-07
1036, 2.393289996689418e-07
1037, 2.3600800159329082e-07
1038, 1.7951400150195694e-07
1039, 1.191040009871358e-07
1040, 1.211039998452179e-07
1041, 1.2176900054328144e-07
1042, 1.2075599988747853e-07
1043, 1.2174299990874716e-07
1044, 2.2564199935004581e-07
1045, 1.2211700050102082e-07
1046, 1.19498999993084e-07
1047, 1.2229200001456774e-07
1048, 1.6194699855986983e-07
1049, 1.2588699974003248e-07
1050, 1.2091099961253348e-07
1051, 1.2145999971835408e-07
1052, 1.3000299986742902e-07
1053, 1.3323500024853274e-07
1054, 1.200660008180421e-07
1055, 1.219929999933811e-07
1056, 1.2147099914727734e-07
1057, 1.2193000111437868e-07
1058, 1.2123000124120154e-07
1059, 1.2069900003552902e-07
1060, 1.4301700139185414e-07
1061, 1.2059400069119874e-07
1062, 1.2181000056443735e-07
1063, 1.2096899990865494e-07
1064, 1.226029999088496e-07
1065, 1.2119799976062494e-07
1066, 2.115870011039078e-07
1067, 1.1914999959117267e-07
1068, 1.219690002471907e-07
1069, 1.436809998267563e-07
1070, 1.2090400014130864e-07
1071, 1.206580000143731e-07
1072, 1.2271099876670634e-07
1073, 1.2053700083924923e-07
1074, 1.2097099897800944e-07
1075, 1.2200499986647628e-07
1076, 1.2235400026838762e-07
1077, 1.2073799916834105e-07
1078, 1.2163800056441688e-07
1079, 1.2061599954904522e-07
1080, 1.2295899978198577e-07
1081, 1.2028599849145393e-07
1082, 1.218620000145165e-07
1083, 1.2163900100858883e-07
1084, 1.21004000902758e-07
1085, 1.211059989145724e-07
1086, 1.2021300062770024e-07
1087, 1.2062300083925947e-07
1088, 1.2016499931633008e-07
1089, 1.2120999963372015e-07
1090, 1.2205299935885706e-07
1091, 1.2161700033175294e-07
1092, 1.2114600031054578e-07
1093, 1.2098300067009403e-07
1094, 1.2071400124114007e-07
1095, 1.21746001241263e-07
1096, 1.4963499961595516e-07
1097, 1.206619999720715e-07
1098, 1.2062399946444201e-07
1099, 1.2134000098740216e-07
1100, 1.2317799883021507e-07
1101, 1.2208300177007913e-07
1102, 1.2195700037409553e-07
1103, 1.207859986607218e-07
1104, 1.2159100151620805e-07
1105, 1.2071499986632262e-07
1106, 1.215369993587956e-07
1107, 1.2086400056432468e-07
1108, 1.2031299957016016e-07
1109, 2.7605899958871306e-07
1110, 1.1967899990850127e-07
1111, 1.203620013257023e-07
1112, 1.2090299969713668e-07
1113, 1.211280014103977e-07
1114, 1.2108199916838202e-07
1115, 1.2132099982409273e-07
1116, 1.2069500007783064e-07
1117, 1.2063100075465627e-07
1118, 1.2216499999340157e-07
1119, 1.2160699952801224e-07
1120, 1.2069900003552902e-07
1121, 1.214479998452589e-07
1122, 1.2059400069119874e-07
1123, 1.2150400107202586e-07
1124, 1.205139997182414e-07
1125, 1.2181000056443735e-07
1126, 1.2223500016261824e-07
1127, 1.2140399849158712e-07
1128, 2.835409995896043e-07
1129, 2.9262700081744695e-07
1130, 1.5070500012370757e-07
1131, 1.8512699898565188e-07
1132, 1.2113500088162255e-07
1133, 1.209819984069327e-07
1134, 1.211179987876676e-07
1135, 1.2068999967596027e-07
1136, 1.2191499990876763e-07
1137, 1.2115600111428648e-07
1138, 1.385039995511761e-07
1139, 1.2244800018379465e-07
1140, 1.215430002048379e-07
1141, 1.2081299973942806e-07
1142, 1.2056999912601896e-07
1143, 1.2176800009910948e-07
1144, 1.2063899885106365e-07
1145, 1.2155299918958916e-07
1146, 1.2839699957112317e-07
1147, 1.2097300168534276e-07
1148, 1.230039997608401e-07
1149, 1.2045200128341093e-07
1150, 1.218840006913524e-07
1151, 1.20738999612513e-07
1152, 1.218760007759556e-07
1153, 1.2174699986644555e-07
1154, 1.2129900096624625e-07
1155, 1.2108299961255397e-07
1156, 1.2122200132580474e-07
1157, 1.2069600052200257e-07
1158, 1.2059400069119874e-07
1159, 1.399220000166679e-07
1160, 1.2039200009894558e-07
1161, 1.2050899931637105e-07
1162, 1.2069300100847614e-07
1163, 1.2102800064894835e-07
1164, 1.212679999298416e-07
1165, 1.2395100020512472e-07
1166, 1.2132600022596307e-07
1167, 1.21138000395149e-07
1168, 1.2247599988768342e-07
1169, 1.2185600098746363e-07
1170, 1.2186799904156943e-07
1171, 1.2207299914734904e-07
1172, 1.2061599954904522e-07
1173, 1.2042200069117827e-07
1174, 1.2211700050102082e-07
1175, 1.20794000395108e-07
1176, 1.2084999980288559e-07
1177, 1.205039989145007e-07
1178, 1.2100500134692992e-07
1179, 1.2037700071232394e-07
1180, 1.2118599988752976e-07
1181, 1.2342000081844162e-07
1182, 1.2084700028935913e-07
1183, 1.2123399937991054e-07
1184, 1.2162200073362328e-07
1185, 1.226840013259789e-07
1186, 1.8707599883782678e-07
1187, 1.6676199993526098e-07
1188, 1.229919998877449e-07
1189, 1.2226999933773185e-07
1190, 1.2352600060694386e-07
1191, 1.2016899927402846e-07
1192, 2.3906800015538463e-07
1193, 2.358859983360162e-07
1194, 2.4988900077005385e-07
1195, 2.479369995853631e-07
1196, 3.2374799957324285e-07
1197, 1.1936599912587554e-07
1198, 2.441500000713859e-07
1199, 2.4660899907757994e-07
1200, 1.378699998895172e-07
1201, 1.5085199993336572e-07
1202, 2.1571600154857152e-07
1203, 1.9055699885939248e-07
1204, 1.6354400031559635e-07
1205, 1.3239899999462067e-07
1206, 1.2192199937999247e-07
1207, 1.2056400009896605e-07
1208, 1.23902000268572e-07
1209, 1.4463399929809384e-07
1210, 1.210370010085171e-07
1211, 1.335220003966242e-07
1212, 1.2237899863976055e-07
1213, 1.8358200031798332e-07
1214, 1.2105199857614933e-07
1215, 1.4000499868416228e-07
1216, 1.2349200005701279e-07
1217, 1.207290006277617e-07
1218, 1.2068899923178834e-07
1219, 1.207610002893489e-07
1220, 1.2046399933751672e-07
1221, 1.2160400001448578e-07
1222, 1.241589998244308e-07
1223, 1.212699989991961e-07
1224, 1.2118999984522817e-07
1225, 1.214139992953278e-07
1226, 1.2072199933754746e-07
1227, 1.218209999933606e-07
1228, 1.2062799942214043e-07
1229, 1.2196199895697646e-07
1230, 1.2103600056434515e-07
1231, 1.200299993797671e-07
1232, 1.4018500041856896e-07
1233, 1.200259994220687e-07
1234, 1.2138300007791257e-07
1235, 1.2101599895686376e-07
1236, 1.2070099910488352e-07
1237, 1.7249099983018822e-07
1238, 1.2270300067029892e-07
1239, 1.2065100054314827e-07
1240, 1.2051700105075726e-07
1241, 1.2083999899914488e-07
1242, 1.2314100058574695e-07
1243, 1.2086000060662627e-07
1244, 1.2073799916834105e-07
1245, 1.2074000005668496e-07
1246, 1.2243399942235555e-07
1247, 1.208159992529545e-07
1248, 1.2079000043740963e-07
1249, 1.2024599891446997e-07
1250, 1.2204599988763222e-07
1251, 1.2165399857622106e-07
1252, 1.2111400064895862e-07
1253, 1.2281100134714508e-07
1254, 1.2167600107204636e-07
1255, 1.2175100164313334e-07
1256, 1.2076399980287532e-07
1257, 2.2460599939222447e-07
1258, 2.988885000377195e-06
1259, 2.7997199867968447e-07
1260, 1.2059999971825165e-07
1261, 1.197380006487947e-07
1262, 1.2078399959136733e-07
1263, 1.207329987664707e-07
1264, 1.2115999925299548e-07
1265, 1.211519993375987e-07
1266, 1.2070900083926973e-07
1267, 1.9678600074257703e-07
1268, 1.2177100143162535e-07
1269, 2.774840013444191e-07
1270, 3.57355998858111e-07
1271, 3.3300100039923564e-07
1272, 3.3435899968026207e-07
1273, 1.2430499918991699e-07
1274, 1.2098700062779244e-07
1275, 1.2176500058558305e-07
1276, 1.2207199870317708e-07
1277, 1.2101299944333733e-07
1278, 1.2130300092394464e-07
1279, 1.211439994222019e-07
1280, 1.2132399933761916e-07
1281, 2.154079993488267e-07
1282, 2.4639099865453316e-07
1283, 2.489580001565628e-07
1284, 2.511769998818636e-07
1285, 2.4471300093864554e-07
1286, 1.9653399976959918e-07
1287, 1.211420003528474e-07
1288, 1.2044799950672313e-07
1289, 1.4197600103216245e-07
1290, 1.2174699986644555e-07
1291, 1.8428100156597792e-07
1292, 1.2155700096627698e-07
1293, 1.2272200001461897e-07
1294, 1.2293299914745147e-07
1295, 1.2228900050104131e-07
1296, 1.4032099898031448e-07
1297, 1.2552899897855242e-07
1298, 1.211519993375987e-07
1299, 1.2168500143161509e-07
1300, 1.2351400073384865e-07
1301, 1.5844399968045763e-07
1302, 1.2260699986654798e-07
1303, 1.2072199933754746e-07
1304, 2.5937999998859596e-07
1305, 1.2025800060655457e-07
1306, 1.2108200098737143e-07
1307, 1.2125099965487606e-07
1308, 1.2088699986634311e-07
1309, 1.2122999942221213e-07
1310, 1.2247700033185538e-07
1311, 1.216649998241337e-07
1312, 1.3310200120031368e-07
1313, 1.205019998451462e-07
1314, 1.1962800090259406e-07
1315, 1.221190013893647e-07
1316, 1.2164800136815756e-07
1317, 1.2201999925309792e-07
1318, 1.2092900033167098e-07
1319, 1.2242199954926037e-07
1320, 1.6406299982918427e-07
1321, 1.2132700067013502e-07
1322, 1.1946999984502328e-07
1323, 1.2079800035280642e-07
1324, 1.2176000018371268e-07
1325, 1.2118099948565942e-07
1326, 1.226959993800847e-07
1327, 1.212999995914288e-07
1328, 1.2193800102977548e-07
1329, 1.2024399984511547e-07
1330, 1.421329998265719e-07
1331, 1.332120009465143e-07
1332, 2.3065799905452877e-07
1333, 1.1971899948548526e-07
1334, 1.219850000779843e-07
1335, 3.0107199927442706e-07
1336, 1.2679199971898924e-07
1337, 1.628930003789719e-07
1338, 1.3924199993198272e-07
1339, 1.2081899876648095e-07
1340, 1.2076300117769278e-07
1341, 1.2102099935873413e-07
1342, 2.1040899991930927e-07
1343, 2.545410006860038e-07
1344, 1.2131299990869593e-07
1345, 1.2088199946447275e-07
1346, 2.3860399960540233e-07
1347, 1.220320009451825e-07
1348, 1.2001100003544706e-07
1349, 2.555880000727484e-07
1350, 1.2014800086035394e-07
1351, 1.2114300079701935e-07
1352, 1.2157800119894092e-07
1353, 1.1922900011995807e-07
1354, 1.2181700003566222e-07
1355, 1.214439998875605e-07
1356, 1.221470010932535e-07
1357, 1.2269999933778308e-07
1358, 1.746849993651267e-07
1359, 2.5672999981907196e-07
1360, 2.3600599888595752e-07
1361, 2.49730999712483e-07
1362, 1.9423999947321136e-07
1363, 1.249570013897028e-07
1364, 1.208159992529545e-07
1365, 1.224469997396227e-07
1366, 1.2068199976056347e-07
1367, 1.221410002472112e-07
1368, 1.241409991052933e-07
1369, 1.2125600005674643e-07
1370, 1.2246000005688983e-07
1371, 2.431840002827812e-07
1372, 1.440979995095404e-07
1373, 1.2122100088163278e-07
1374, 1.214380008605076e-07
1375, 1.210509999509668e-07
1376, 1.2086199967598077e-07
1377, 1.2037099986628165e-07
1378, 1.2161199992988258e-07
1379, 1.2108400005672593e-07
1380, 1.244710001628846e-07
1381, 1.218270008394029e-07
1382, 1.65407000167761e-07
1383, 1.213429986819392e-07
1384, 1.7007799942803105e-07
1385, 1.1913600064872299e-07
1386, 1.2080400119884872e-07
1387, 1.2065500050084666e-07
1388, 1.2154000069131143e-07
1389, 1.216630007547792e-07
1390, 1.2052999954903498e-07
1391, 1.215089996549068e-07
1392, 1.985910002986202e-07
1393, 1.2239299940119964e-07
1394, 1.20660000902717e-07
1395, 1.2054499893565662e-07
1396, 1.2096099999325817e-07
1397, 1.2173499999335037e-07
1398, 1.415089991496643e-07
1399, 1.2161199992988258e-07
1400, 1.2484900071285666e-07
1401, 1.191789997392334e-07
1402, 1.382000009471085e-07
1403, 1.225060004799161e-07
1404, 3.2625700077915097e-07
1405, 1.2102600157959388e-07
1406, 1.2123600026825442e-07
1407, 1.4779099910811055e-07
1408, 1.2096699902031105e-07
1409, 1.4346100033435505e-07
1410, 1.2148499990871643e-07
1411, 1.2214600064908155e-07
1412, 1.211500002682442e-07
1413, 1.2138000056438614e-07
1414, 1.2159600009908898e-07
1415, 1.210530008393107e-07
1416, 1.2183800026832615e-07
1417, 1.206110009661643e-07
1418, 1.1984999946434982e-07
1419, 1.2195199997222516e-07
1420, 1.208180001412984e-07
1421, 1.204150012199534e-07
1422, 1.2312900071265177e-07
1423, 1.209110014315229e-07
1424, 1.9259400141891093e-07
1425, 1.205570006277412e-07
1426, 1.2077300016244408e-07
1427, 1.2204700033180415e-07
1428, 1.2091800090274773e-07
1429, 1.209110014315229e-07
1430, 1.218069992319215e-07
1431, 1.2058399988745806e-07
1432, 1.2067900024703704e-07
1433, 1.2092700126231648e-07
1434, 1.2212399997224566e-07
1435, 1.2048700045852457e-07
1436, 2.281279994349461e-07
1437, 1.6617000073892996e-07
1438, 2.772549996734597e-07
1439, 1.2296800014155452e-07
1440, 1.2134200005675666e-07
1441, 1.2357900050119498e-07
1442, 1.21350998597336e-07
1443, 1.2074700134689919e-07
1444, 1.214989988511661e-07
1445, 1.2106400026823395e-07
1446, 1.2087100003554952e-07
1447, 1.211279995914083e-07
1448, 1.2346699986665044e-07
1449, 1.6892900021048262e-07
1450, 1.1976799942203796e-07
1451, 1.198070003738394e-07
1452, 1.209799993375782e-07
1453, 1.855510017776396e-07
1454, 1.4691599972138648e-07
1455, 1.3848499838786666e-07
1456, 1.2060299923177808e-07
1457, 1.602279990038369e-07
1458, 1.3556100020650775e-07
1459, 1.207449986395659e-07
1460, 1.2038400018354879e-07
1461, 1.2215999959153123e-07
1462, 1.221630009240471e-07
1463, 1.2097499893570785e-07
1464, 1.326550009252969e-07
1465, 1.8761400133371354e-07
1466, 1.2044799950672313e-07
1467, 1.5917800010356587e-07
1468, 1.2260099902050569e-07
1469, 1.2053699902025982e-07
1470, 1.3073700029053727e-07
1471, 1.3728600060858298e-07
1472, 1.6133299868670292e-07
1473, 1.394320006511407e-07
1474, 1.212189999932889e-07
1475, 2.591459997347556e-07
1476, 2.0319499890320003e-07
1477, 1.225039995915722e-07
1478, 3.0914099988876843e-07
1479, 2.1937400015303865e-07
1480, 2.6707500001066367e-07
1481, 1.2265899931662717e-07
1482, 1.2248300117789767e-07
1483, 1.2034100109303835e-07
1484, 1.2184200022602453e-07
1485, 1.3695999950869008e-07
1486, 1.2086800052202306e-07
1487, 1.2074999904143623e-07
1488, 1.2105700079700908e-07
1489, 1.2217599942232482e-07
1490, 1.2145099935878533e-07
1491, 1.2047000018355902e-07
1492, 1.2088800031051504e-07
1493, 1.205259995913366e-07
1494, 1.2103799963369965e-07
1495, 1.2074400001438335e-07
1496, 1.2224999954923988e-07
1497, 1.2178399992990307e-07
1498, 1.215699994645547e-07
1499, 1.2142499872425106e-07
1500, 1.2085499838576652e-07
1501, 1.2195199997222516e-07
1502, 1.2088199946447275e-07
1503, 1.2183400031062774e-07
1504, 1.2151200098742266e-07
1505, 1.208240009873407e-07
1506, 1.5802800044184552e-07
1507, 1.2182600039523094e-07
1508, 1.2142500054324047e-07
1509, 1.2783700003637933e-07
1510, 1.2178199904155916e-07
1511, 1.2221299948578235e-07
1512, 1.2108899863960686e-07
1513, 1.208629983011633e-07
1514, 1.213809991895687e-07
1515, 1.2052800047968048e-07
1516, 1.2405000052240212e-07
1517, 1.2117900041630492e-07
1518, 1.2845099990954622e-07
1519, 1.2168800094514154e-07
1520, 1.212049992318498e-07
1521, 1.2158900062786414e-07
1522, 1.681119993008906e-07
1523, 1.22204000945203e-07
1524, 1.7396700059180147e-07
1525, 2.5006200121424625e-07
1526, 2.506210003048182e-07
1527, 2.4733399914111943e-07
1528, 1.9025199981115292e-07
1529, 1.222770006279461e-07
1530, 1.1927900050068273e-07
1531, 1.2124900058552156e-07
1532, 1.2187200081825722e-07
1533, 1.5373899987025652e-07
1534, 2.4314400070579724e-07
1535, 1.2120399878767785e-07
1536, 1.2170300033176318e-07
1537, 1.219770001625875e-07
1538, 1.3136300003679936e-07
1539, 1.3916399984736926e-07
1540, 1.2066499948559795e-07
1541, 1.399530010530725e-07
1542, 1.2115599929529707e-07
1543, 1.2349100143183022e-07
1544, 1.2061400047969074e-07
1545, 1.216590007970808e-07
1546, 1.2108800001442431e-07
1547, 1.2178999895695596e-07
1548, 1.2097699982405173e-07
1549, 1.681360008660704e-07
1550, 1.209009988087928e-07
1551, 1.3184899944462814e-07
1552, 1.2144499851274304e-07
1553, 1.2419899940141477e-07
1554, 1.2123000124120154e-07
1555, 1.2065000009897631e-07
1556, 1.2046700067003256e-07
1557, 1.2202099969726987e-07
1558, 1.214219992107246e-07
1559, 1.2086399874533527e-07
1560, 1.2169500041636638e-07
1561, 1.2231199980305972e-07
1562, 1.2117900041630492e-07
1563, 1.2042600064887665e-07
1564, 1.2203099868202117e-07
1565, 1.2063299982401077e-07
1566, 1.207690002047457e-07
1567, 1.208810008392902e-07
1568, 1.1927900050068273e-07
1569, 1.2043400056427345e-07
1570, 1.2029999925289302e-07
1571, 1.2045299990859347e-07
1572, 1.205830012622755e-07
1573, 1.3420600043900776e-07
1574, 1.2195799899927807e-07
1575, 1.221550010086503e-07
1576, 1.2109399904147723e-07
1577, 1.2086600145266856e-07
1578, 1.374019993818365e-07
1579, 1.2206299834360833e-07
1580, 1.2088699986634311e-07
1581, 1.2065499868185724e-07
1582, 1.2105700079700908e-07
1583, 1.2183000035292935e-07
1584, 1.2058399988745806e-07
1585, 1.2034000064886642e-07
1586, 1.214760013681371e-07
1587, 1.2082200009899679e-07
1588, 1.240780002262909e-07
1589, 1.2168600005679763e-07
1590, 1.2047600102960132e-07
1591, 1.204820000566542e-07
1592, 1.2201100071251858e-07
1593, 1.2132099982409273e-07
1594, 1.207469995279098e-07
1595, 1.2115699973946903e-07
1596, 1.2170099944341927e-07
1597, 1.6736100042180625e-07
1598, 1.211750004586065e-07
1599, 1.2109199997212273e-07
1600, 1.2078600047971121e-07
1601, 1.227489992743358e-07
1602, 1.2140100079705008e-07
1603, 1.218310007971013e-07
1604, 1.2044399954902475e-07
1605, 1.212659990414977e-07
1606, 1.2272099957044702e-07
1607, 1.214040003105765e-07
1608, 1.219729983858997e-07
1609, 1.212010010931408e-07
1610, 1.2087199866073207e-07
1611, 1.206499982799869e-07
1612, 1.2015900028927717e-07
1613, 1.207450004585553e-07
1614, 1.20833999972092e-07
1615, 1.2164399959146976e-07
1616, 1.2036899897793774e-07
1617, 1.3811400094709826e-07
1618, 2.4960000155260786e-07
1619, 2.3831100043025798e-07
1620, 2.51065999691491e-07
1621, 2.3089999922376591e-07
1622, 1.2201299978187308e-07
1623, 1.2181700003566222e-07
1624, 1.205079988721991e-07
1625, 1.9208600133424624e-07
1626, 1.207329987664707e-07
1627, 1.2204400081827772e-07
1628, 1.2155100012023469e-07
1629, 1.2161999984527937e-07
1630, 1.2075800077582244e-07
1631, 1.238490003743209e-07
1632, 3.166040005453397e-07
1633, 2.3718900047242643e-07
1634, 2.4212100106524306e-07
1635, 1.442869997845264e-07
1636, 1.215069987665629e-07
1637, 1.213630002894206e-07
1638, 1.2251500083948486e-07
1639, 1.2130100003560072e-07
1640, 1.2211400098749436e-07
1641, 1.2072400022589137e-07
1642, 1.209739984915359e-07
1643, 1.224549996550195e-07
1644, 1.2176800009910948e-07
1645, 1.2132300071243661e-07
1646, 1.2099700143153312e-07
1647, 1.4035300046089105e-07
1648, 1.2153599891462364e-07
1649, 1.2193099973956123e-07
1650, 1.2152900126238818e-07
1651, 1.2155200056440662e-07
1652, 1.2057700041623322e-07
1653, 1.208279991260497e-07
1654, 1.206699998874683e-07
1655, 1.2185699961264617e-07
1656, 1.204820000566542e-07
1657, 1.22760999147431e-07
1658, 1.2280699957045725e-07
1659, 1.2124000022595283e-07
1660, 1.2212600086058957e-07
1661, 1.2220099961268717e-07
1662, 1.2104400047974195e-07
1663, 1.220089998241747e-07
1664, 1.2146699918957893e-07
1665, 1.2147699999331963e-07
1666, 1.22282999654999e-07
1667, 1.208140001836e-07
1668, 1.3775800107396208e-07
1669, 1.2093700024706778e-07
1670, 1.6109499847516417e-07
1671, 1.2160100050095935e-07
1672, 1.2124199929530733e-07
1673, 1.449350002076244e-07
1674, 1.2201900062791537e-07
1675, 1.2106800022593234e-07
1676, 1.2287699973967392e-07
1677, 1.2134100143157412e-07
1678, 1.2063799840689172e-07
1679, 1.2045299990859347e-07
1680, 1.218859997607069e-07
1681, 1.2085399976058397e-07
1682, 1.214949988934677e-07
1683, 1.2094500016246457e-07
1684, 1.2135799988755026e-07
1685, 1.2040599904139526e-07
1686, 1.3093599955027458e-07
1687, 1.2174500079709105e-07
1688, 1.379490004183026e-07
1689, 1.5392400018754415e-07
1690, 1.2164500003564172e-07
1691, 1.2192599933769089e-07
1692, 1.2253700151632075e-07
1693, 1.2072400022589137e-07
1694, 1.2053499995090532e-07
1695, 1.2054399849148466e-07
1696, 1.2161800077592487e-07
1697, 1.2158899880887476e-07
1698, 1.207859986607218e-07
1699, 1.2137200064898935e-07
1700, 1.218699999299133e-07
1701, 1.222219998453511e-07
1702, 1.2159099969721864e-07
1703, 1.2183000035292935e-07
1704, 1.216079999721842e-07
1705, 1.2160100050095935e-07
1706, 1.206640008604154e-07
1707, 1.21121998745366e-07
1708, 1.2241799959156196e-07
1709, 1.2053099999320694e-07
1710, 1.2118599988752976e-07
1711, 1.220070007548202e-07
1712, 1.2128100024710875e-07
1713, 1.220559988723835e-07
1714, 1.2042200069117827e-07
1715, 2.2008999985700938e-07
1716, 1.2010200043732766e-07
1717, 1.2178900033177341e-07
1718, 1.208320009027375e-07
1719, 1.2219000018376391e-07
1720, 1.213690011354629e-07
1721, 1.2099999912607017e-07
1722, 1.2214200069138314e-07
1723, 1.2169299952802247e-07
1724, 1.2188999971840531e-07
1725, 1.2868599878856913e-07
1726, 1.2227200022607577e-07
1727, 1.2242000047990587e-07
1728, 1.2108099872421006e-07
1729, 1.2070200136804486e-07
1730, 1.1856200035254005e-07
1731, 1.2122599946451374e-07
1732, 1.2072400022589137e-07
1733, 1.217439985339297e-07
1734, 1.2164599866082426e-07
1735, 1.215940010297345e-07
1736, 1.2205200073367451e-07
1737, 1.2216799950692803e-07
1738, 1.2191099995106925e-07
1739, 1.2211399916850495e-07
1740, 1.219990008394234e-07
1741, 1.2100499952794054e-07
1742, 1.213489995279815e-07
1743, 1.222869996126974e-07
1744, 1.2143700041633565e-07
1745, 1.315320005232934e-07
1746, 1.2066700037394184e-07
1747, 1.2094600060663653e-07
1748, 1.212660008604871e-07
1749, 1.2132700067013502e-07
1750, 1.2037800115649587e-07
1751, 1.2062399946444201e-07
1752, 1.2154900105088019e-07
1753, 1.2101600077585317e-07
1754, 1.221270013047615e-07
1755, 1.24072001199238e-07
1756, 1.2282500028959476e-07
1757, 1.2254200009920168e-07
1758, 1.2482499914767686e-07
1759, 1.2146600056439638e-07
1760, 1.2215999959153123e-07
1761, 1.223680010298267e-07
1762, 1.2141300067014526e-07
1763, 1.2086599963367915e-07
1764, 1.1976899986620992e-07
1765, 1.2113500088162255e-07
1766, 1.2132600022596307e-07
1767, 1.2267499914742074e-07
1768, 1.50423999002669e-07
1769, 1.2782799967681058e-07
1770, 1.2162400162196717e-07
1771, 1.2129599963373038e-07
1772, 1.2180799967609346e-07
1773, 1.2067100033164025e-07
1774, 1.2127700028941036e-07
1775, 1.2079899897798897e-07
1776, 1.2058600077580194e-07
1777, 1.2125499961257447e-07
1778, 1.2135100041632541e-07
1779, 1.2170400077593513e-07
1780, 1.2087400136806536e-07
1781, 1.2213999980303925e-07
1782, 1.2091600001440384e-07
1783, 1.2183400031062774e-07
1784, 1.2897799933853093e-07
1785, 1.2143499952799174e-07
1786, 1.21805000162567e-07
1787, 1.2228200102981645e-07
1788, 1.2186399908387101e-07
1789, 1.3689499974134378e-07
1790, 1.2148200039518997e-07
1791, 1.2186899948574138e-07
1792, 1.3868700079910923e-07
1793, 1.2030400102958082e-07
1794, 1.2077300016244408e-07
1795, 1.220089998241747e-07
1796, 1.213590003317222e-07
1797, 1.209980000567157e-07
1798, 1.2104900088161231e-07
1799, 1.2052000056428368e-07
1800, 1.2068099931639155e-07
1801, 1.218779998453101e-07
1802, 2.418860003672307e-07
1803, 1.1915899995074142e-07
1804, 1.4149599883239718e-07
1805, 2.444820001983317e-07
1806, 2.5064600049518047e-07
1807, 2.437229995848611e-07
1808, 2.2376299966708756e-07
1809, 1.795779990061419e-07
1810, 2.4650300110806713e-07
1811, 1.2445700122043492e-07
1812, 1.2298100045882166e-07
1813, 1.2240399883012287e-07
1814, 1.2268499995116145e-07
1815, 1.2213399895699695e-07
1816, 1.21520999528002e-07
1817, 1.2063499889336527e-07
1818, 1.2182000136817806e-07
1819, 1.2094599878764712e-07
1820, 1.221999991685152e-07
1821, 1.3219399988884106e-07
1822, 1.2053299906256144e-07
1823, 1.2223200064909178e-07
1824, 1.2137200064898935e-07
1825, 1.2047699965478386e-07
1826, 1.2136299847043119e-07
1827, 1.4995499986980576e-07
1828, 1.2077300016244408e-07
1829, 1.2101700122002513e-07
1830, 1.2133099880884403e-07
1831, 1.2056299965479412e-07
1832, 1.209560014103772e-07
1833, 1.20680000691209e-07
1834, 1.2177899952803273e-07
1835, 1.2264099859748967e-07
1836, 1.315219997195527e-07
1837, 1.214929998241132e-07
1838, 1.2270400111447088e-07
1839, 1.206220003950875e-07
1840, 1.2148799942224286e-07
1841, 1.2102400069124997e-07
1842, 1.3681999917025677e-07
1843, 1.7175599896290805e-07
1844, 1.2480000077630393e-07
1845, 1.1952999921049924e-07
1846, 1.3493499864125625e-07
1847, 1.2186599997221492e-07
1848, 1.205339995067334e-07
1849, 1.2075599988747853e-07
1850, 1.219829991896404e-07
1851, 1.2187399988761172e-07
1852, 1.2039899957017042e-07
1853, 1.232169997820165e-07
1854, 1.2038499880873133e-07
1855, 1.3512600162357556e-07
1856, 1.3806400056637357e-07
1857, 1.202120001835283e-07
1858, 1.2166200031060727e-07
1859, 1.2120199971832335e-07
1860, 1.2170900117780548e-07
1861, 1.2137999874539673e-07
1862, 1.2169500041636638e-07
1863, 1.2140100079705008e-07
1864, 1.2150200018368195e-07
1865, 1.2224300007801503e-07
1866, 1.241850004589651e-07
1867, 1.2045000039506704e-07
1868, 1.211950002470985e-07
1869, 1.2061199959134683e-07
1870, 1.2007300028926693e-07
1871, 1.205000007757917e-07
1872, 1.2156900083937216e-07
1873, 1.2202900143165608e-07
1874, 1.2164500003564172e-07
1875, 1.397579999320442e-07
1876, 1.230750003742287e-07
1877, 1.217799999722047e-07
1878, 1.2040999899909365e-07
1879, 1.4382500012288802e-07
1880, 1.2079199950676413e-07
1881, 1.2160699952801224e-07
1882, 2.4839800062181893e-07
1883, 2.2012099907442462e-07
1884, 2.4101300004986117e-07
1885, 1.4128500151855406e-07
1886, 1.208590001624543e-07
1887, 1.2213799891469534e-07
1888, 1.3673099965672008e-07
1889, 1.2130200047977268e-07
1890, 1.2157899982412346e-07
1891, 1.2254399916855618e-07
1892, 1.2070799857610836e-07
1893, 1.2098699880880303e-07
1894, 1.698890009720344e-07
1895, 2.512150003894931e-07
1896, 2.4760799897194375e-07
1897, 2.5084800108743365e-07
1898, 1.7766999917512295e-07
1899, 1.25390999528463e-07
1900, 1.503769999544602e-07
1901, 1.2080899978172965e-07
1902, 1.2075700033165048e-07
1903, 1.1884000014106277e-07
1904, 1.2288399921089876e-07
1905, 1.208810008392902e-07
1906, 1.2197999967611396e-07
1907, 1.3994800065120216e-07
1908, 1.3400899842963553e-07
1909, 1.2084800073353109e-07
1910, 1.2077300016244408e-07
1911, 1.225710002472624e-07
1912, 1.504339998064097e-07
1913, 1.2055300067004283e-07
1914, 1.221430011355551e-07
1915, 1.2169399997219443e-07
1916, 1.2152000090281946e-07
1917, 1.1968600119871553e-07
1918, 1.2184200022602453e-07
1919, 1.2132200026826468e-07
1920, 1.2059300024702678e-07
1921, 1.2154000069131143e-07
1922, 1.2184199840703512e-07
1923, 1.2081500062777194e-07
1924, 1.2935999984620138e-07
1925, 1.2161099948571065e-07
1926, 1.3178100016375538e-07
1927, 1.2098500155843794e-07
1928, 1.5193799845292232e-07
1929, 1.199649996124208e-07
1930, 1.8414699843560811e-07
1931, 1.2185199921077583e-07
1932, 1.2046099982399027e-07
1933, 1.2063300164300018e-07
1934, 1.207410005008569e-07
1935, 1.2127900117775425e-07
1936, 1.209620004374301e-07
1937, 1.210959999298211e-07
1938, 1.213829982589232e-07
1939, 1.2371800039545633e-07
1940, 1.2051500016241334e-07
1941, 1.208989997394383e-07
1942, 1.216569999087369e-07
1943, 1.2264799988770392e-07
1944, 1.2098099978175015e-07
1945, 1.3774499893770553e-07
1946, 1.566620012454223e-07
1947, 1.2079499902029056e-07
1948, 1.2105800124118104e-07
1949, 1.21023000247078e-07
1950, 1.20489999972051e-07
1951, 1.209720012411708e-07
1952, 1.198029985971516e-07
1953, 1.2083799992979038e-07
1954, 1.2041300033160952e-07
1955, 1.2110700117773377e-07
1956, 1.2390699885145294e-07
1957, 1.2157699893577955e-07
1958, 1.2052000056428368e-07
1959, 1.2224099918967112e-07
1960, 1.2203699952806347e-07
1961, 1.2122299995098729e-07
1962, 2.1789499987789896e-07
1963, 1.2179199984529987e-07
1964, 1.3647299965668935e-07
1965, 1.213650011777645e-07
1966, 1.466449994040886e-07
1967, 1.232129998243181e-07
1968, 1.206659999297699e-07
1969, 1.2041300033160952e-07
1970, 1.217220014950726e-07
1971, 1.2181000056443735e-07
1972, 1.2260400035302155e-07
1973, 1.2193600014143157e-07
1974, 1.2083199908374808e-07
1975, 1.2106399844924454e-07
1976, 1.2185899868200067e-07
1977, 1.215089996549068e-07
1978, 1.2100799904146696e-07
1979, 1.2650300050154327e-07
1980, 1.219120003952412e-07
1981, 1.218960005644476e-07
1982, 1.238129989360459e-07
1983, 1.2120800056436565e-07
1984, 1.2050100121996366e-07
1985, 1.4117499995336403e-07
1986, 1.2150399925303645e-07
1987, 1.207429995702114e-07
1988, 1.205040007334901e-07
1989, 1.2059999971825165e-07
1990, 1.203539995913161e-07
1991, 1.2256899935891853e-07
1992, 1.2186099957034458e-07
1993, 1.2131999937992077e-07
1994, 1.2136800069129094e-07
1995, 1.2186599997221492e-07
1996, 1.2201900062791537e-07
1997, 1.4736999946762807e-07
1998, 1.2993699965591077e-07
1999, 1.2157399942225312e-07
