1, 1.280725018659723e-05
2, 4.729749889520463e-06
3, 4.17474984715227e-06
4, 4.403249931783648e-06
5, 8.312500085594365e-06
6, 5.17250009579584e-06
7, 5.024000074627111e-06
8, 5.133750164532103e-06
9, 5.4060001275502145e-06
10, 5.701999725715723e-06
11, 5.912500000704313e-06
12, 6.061749900254654e-06
13, 6.270999620028306e-06
14, 6.412250058929203e-06
15, 1.0225499863736331e-05
16, 6.90949991621892e-06
17, 7.1062499955587555e-06
18, 1.7588500213605585e-05
19, 8.112249815894756e-06
20, 8.148249889927683e-06
21, 1.651874981689616e-05
22, 8.568250450480264e-06
23, 8.733999948162818e-06
24, 9.031999979924876e-06
25, 9.106249763135565e-06
26, 9.363749995827675e-06
27, 9.812999905989273e-06
28, 9.906750165100675e-06
29, 1.0163999832002446e-05
30, 1.0347500392526854e-05
31, 1.0420249964226969e-05
32, 1.0863249826797983e-05
33, 1.0973000371450325e-05
34, 1.113774987970828e-05
35, 1.2590749975061044e-05
36, 1.937675006047357e-05
37, 2.1151000055397162e-05
38, 2.1145749997231178e-05
39, 2.451249974910752e-05
40, 2.1604249923257157e-05
41, 1.6269500065391185e-05
42, 1.70402499861666e-05
43, 1.859975009210757e-05
44, 2.0545749976008665e-05
45, 2.1752749944425886e-05
46, 1.4146750345389592e-05
47, 1.486824976382195e-05
48, 1.865900003394927e-05
49, 1.4716250007040799e-05
50, 1.4534250112774316e-05
51, 1.4742749954166356e-05
52, 1.9245750081609003e-05
53, 1.594600007592817e-05
54, 1.5662749774492113e-05
55, 1.590649981153547e-05
56, 1.6178250007214956e-05
57, 2.47785001192824e-05
58, 1.6736999896238558e-05
59, 1.6829999822220998e-05
60, 1.7016999663610477e-05
61, 2.2177749997354113e-05
62, 1.7526249848742737e-05
63, 1.7717999980959576e-05
64, 1.7894499706017086e-05
65, 1.8099500266544055e-05
66, 1.8305000139662297e-05
67, 1.8572250155557413e-05
68, 1.8827500298357336e-05
69, 1.9221999991714256e-05
70, 1.9330000213813037e-05
71, 1.9337000139785232e-05
72, 1.9688000065798406e-05
73, 1.9828750282613328e-05
74, 2.0032749944220996e-05
75, 2.0343749838502845e-05
76, 1.986600000236649e-05
77, 1.996575019802549e-05
78, 2.032825022979523e-05
79, 2.4512250092811882e-05
80, 2.14217498069047e-05
81, 2.8094249955756823e-05
82, 2.1810999896842986e-05
83, 2.6197250008408446e-05
84, 2.15757499972824e-05
85, 2.183700007662992e-05
86, 2.205949976996635e-05
87, 2.29697498070891e-05
88, 2.3237000277731568e-05
89, 2.317300004506251e-05
90, 2.335425006094738e-05
91, 2.3790750219632173e-05
92, 2.4761250188021222e-05
93, 2.800999982355279e-05
94, 2.4795000172161963e-05
95, 2.8308500077400822e-05
96, 2.8227249913470587e-05
97, 2.8317499982222216e-05
98, 2.5188499876094284e-05
99, 3.293525014669285e-05
100, 2.8797750019293744e-05
101, 3.9458250284951646e-05
102, 3.002600033141789e-05
103, 2.5318249754491262e-05
104, 3.038100021512946e-05
105, 3.0041499940125505e-05
106, 3.1148249945545103e-05
107, 2.7153750124853104e-05
108, 3.149724989270908e-05
109, 2.7504750050866278e-05
110, 2.7627749659586698e-05
111, 2.8004500109091168e-05
112, 3.7038249956822256e-05
113, 2.8407000172592234e-05
114, 4.783949998454773e-05
115, 2.7844000214827247e-05
116, 2.9135750082787126e-05
117, 4.8208999942289665e-05
118, 3.238874978706008e-05
119, 3.300849994047894e-05
120, 3.3166749744850677e-05
121, 3.37152496285853e-05
122, 3.0349499866133556e-05
123, 3.0487750336760655e-05
124, 3.383549983482226e-05
125, 3.441975013629417e-05
126, 3.4664250051719137e-05
127, 3.1476999993174104e-05
128, 3.3046749649656704e-05
129, 3.193924976585549e-05
130, 3.982774978794623e-05
131, 3.9968249893718166e-05
132, 3.5506250242178794e-05
133, 3.153475017825258e-05
134, 4.8474999857717194e-05
135, 4.0536750020692125e-05
136, 4.9373749789083377e-05
137, 5.1116500344505766e-05
138, 3.7280749893398024e-05
139, 4.415325020090677e-05
140, 3.421874998821295e-05
141, 3.426674993534107e-05
142, 3.779149983529351e-05
143, 3.823774977718131e-05
144, 3.8420249893533764e-05
145, 3.861574987240601e-05
146, 3.5750249935517786e-05
147, 3.912024976671091e-05
148, 3.596775013647857e-05
149, 3.958724983021966e-05
150, 4.319324989410234e-05
151, 3.985800003647455e-05
152, 3.660550009954022e-05
153, 3.958575007345644e-05
154, 3.712775014719227e-05
155, 3.731500009962474e-05
156, 3.646100003606989e-05
157, 4.017949959234102e-05
158, 4.024300005767145e-05
159, 3.8372249946405645e-05
160, 4.579025016937521e-05
161, 4.0974499825097155e-05
162, 3.7547499687207164e-05
163, 3.782424983000965e-05
164, 4.17447504332813e-05
165, 4.289400021662004e-05
166, 4.3047749841207406e-05
167, 3.864900008920813e-05
168, 4.598150007950608e-05
169, 5.0782000016624806e-05
170, 5.959650025033625e-05
171, 4.491625031732838e-05
172, 5.074425007478567e-05
173, 4.418674961925717e-05
174, 4.3759000163845485e-05
175, 4.4113250169175444e-05
176, 4.466325026442064e-05
177, 5.6208250043709995e-05
178, 4.8347999836551026e-05
179, 4.565525023281225e-05
180, 4.538949997368036e-05
181, 4.533174978860188e-05
182, 4.562149979392416e-05
183, 5.0939000175276306e-05
184, 4.745075011669542e-05
185, 4.4068000079278136e-05
186, 4.402075001053163e-05
187, 4.440000020622392e-05
188, 4.4720999994751764e-05
189, 4.482650001591537e-05
190, 4.6243749693530845e-05
191, 4.873575016972609e-05
192, 4.544125022221124e-05
193, 4.559224998956779e-05
194, 4.841124973609112e-05
195, 4.906974982077372e-05
196, 4.838450013266993e-05
197, 6.149399996502325e-05
198, 4.932725005346583e-05
199, 5.912024971621577e-05
200, 5.090874992674799e-05
201, 4.74164999104687e-05
202, 4.58487502328353e-05
203, 5.873549980606185e-05
204, 4.8087749746628106e-05
205, 7.98937498984742e-05
206, 6.649900024058297e-05
207, 4.874199976256932e-05
208, 5.980325022392208e-05
209, 5.2919500376447104e-05
210, 5.9485999827302294e-05
211, 5.2760750349989394e-05
212, 5.329299983714009e-05
213, 5.2836750001006294e-05
214, 5.354724999051541e-05
215, 6.21257499915373e-05
216, 5.806224999105325e-05
217, 5.845275018145912e-05
218, 5.8410249948792625e-05
219, 5.419549961516168e-05
220, 5.983975006529363e-05
221, 7.655825038455077e-05
222, 8.979650010587648e-05
223, 8.308275027957279e-05
224, 5.776175021310337e-05
225, 5.5826750212872867e-05
226, 5.721699972127681e-05
227, 7.01907501934329e-05
228, 9.539525035506813e-05
229, 6.248425006560865e-05
230, 5.7308500345243374e-05
231, 5.72694998481893e-05
232, 6.95579997227469e-05
233, 5.258525015960913e-05
234, 5.705949979528668e-05
235, 5.2852499720756896e-05
236, 5.817950022901641e-05
237, 6.207399974300642e-05
238, 5.8039249779540114e-05
239, 5.800574990644236e-05
240, 5.393724995883531e-05
241, 5.854250002812478e-05
242, 5.861925001227064e-05
243, 6.772125016141217e-05
244, 7.978275016284897e-05
245, 6.376250030371011e-05
246, 5.992299975332571e-05
247, 6.001075007588952e-05
248, 6.023524974807515e-05
249, 6.439299977500923e-05
250, 6.146699979581172e-05
251, 6.0835749991383636e-05
252, 6.105174998083385e-05
253, 6.719725024595391e-05
254, 8.666749999974854e-05
255, 9.368575001644786e-05
256, 6.020225009706337e-05
257, 6.438999980673543e-05
258, 5.977474984319997e-05
259, 6.159974964248249e-05
260, 5.798350002805819e-05
261, 7.436824989781599e-05
262, 6.40214998384181e-05
263, 6.267449998631491e-05
264, 5.889949989068555e-05
265, 5.9428750319057144e-05
266, 6.523650017697946e-05
267, 7.950875033202465e-05
268, 0.00010922225010290276
269, 7.489475001420942e-05
270, 6.753625029887189e-05
271, 7.091899988154182e-05
272, 6.30627500868286e-05
273, 8.467899988318095e-05
274, 6.177400018714252e-05
275, 6.152774994916399e-05
276, 7.482074988729437e-05
277, 6.193649960550829e-05
278, 6.242275003387476e-05
279, 6.565350031451089e-05
280, 6.306624982244102e-05
281, 6.293149999692105e-05
282, 6.978449982852908e-05
283, 6.688325038339826e-05
284, 6.692325041512959e-05
285, 6.348624992824625e-05
286, 7.110175010893727e-05
287, 9.033974993144511e-05
288, 6.906099997650017e-05
289, 6.873899974380038e-05
290, 6.841950016678311e-05
291, 6.88304999130196e-05
292, 7.353150022026966e-05
293, 6.9496749802056e-05
294, 6.970449976506643e-05
295, 6.564275008713594e-05
296, 7.026374987617601e-05
297, 8.599374996265396e-05
298, 8.782824988884386e-05
299, 7.309800002985867e-05
300, 0.000100462500085996
301, 7.163200007198611e-05
302, 7.200224990810966e-05
303, 7.199524998213747e-05
304, 7.176625013016746e-05
305, 7.262374992933474e-05
306, 7.362799988186453e-05
307, 7.607050019942108e-05
308, 0.00013816499995300546
309, 0.00021710225018978235
310, 0.00020909475006192224
311, 0.00018570049996924354
312, 0.00010791199974846677
313, 7.027875017229235e-05
314, 7.160899986047298e-05
315, 7.39672500458255e-05
316, 7.526799981860677e-05
317, 9.687150031822966e-05
318, 8.411275030084653e-05
319, 7.754124999337364e-05
320, 0.00010797599998113583
321, 7.677749999857042e-05
322, 7.436724990839139e-05
323, 7.55249998292129e-05
324, 7.51389998185914e-05
325, 7.199125002443907e-05
326, 8.405075004702667e-05
327, 7.515275001424015e-05
328, 7.268950002981e-05
329, 7.63622497288452e-05
330, 8.244524997280678e-05
331, 8.041075034270762e-05
332, 7.62240001677128e-05
333, 7.367699981841724e-05
334, 9.153324981525657e-05
335, 8.317424999404466e-05
336, 0.00011882650005645701
337, 0.0001113550001718977
338, 9.287900002163951e-05
339, 7.777650034768158e-05
340, 7.801975016263896e-05
341, 7.832150004105642e-05
342, 7.814174978193478e-05
343, 7.83457498982898e-05
344, 7.845599975553341e-05
345, 8.631249966128962e-05
346, 7.924449982965598e-05
347, 7.890500000939937e-05
348, 8.127225009957328e-05
349, 9.216349963026005e-05
350, 8.391224992010393e-05
351, 8.066525015237858e-05
352, 7.776124994052225e-05
353, 8.806125015325961e-05
354, 0.00012391550035317778
355, 8.165575036400696e-05
356, 8.218975017371122e-05
357, 8.872950002114521e-05
358, 9.03587497305125e-05
359, 8.263974996225443e-05
360, 9.734100012792624e-05
361, 8.361700020032004e-05
362, 8.360849960808991e-05
363, 8.417949993599905e-05
364, 8.428575029029162e-05
365, 8.482400016873726e-05
366, 8.877549998942413e-05
367, 8.32485002320027e-05
368, 8.395949998885044e-05
369, 9.342875000584172e-05
370, 9.072825014300179e-05
371, 9.819425031309947e-05
372, 0.0001199827502205153
373, 8.642074999443139e-05
374, 8.684075010023662e-05
375, 9.511450025456725e-05
376, 9.745974966790527e-05
377, 8.30569997560815e-05
378, 9.375025001645554e-05
379, 8.606375013187062e-05
380, 0.00010980825027218089
381, 0.0001036020003084559
382, 9.121524999500252e-05
383, 0.00011758775008274824
384, 9.066050006367732e-05
385, 9.098274995267275e-05
386, 9.462224988965318e-05
387, 0.00010203850024481653
388, 0.00010251174990116851
389, 8.83684997461387e-05
390, 8.910725000532693e-05
391, 9.798874998523388e-05
392, 9.516749969407101e-05
393, 0.00010947700002361671
394, 9.06372497411212e-05
395, 9.111649978876812e-05
396, 0.0001016934998006036
397, 9.124275038630003e-05
398, 0.000114637749902613
399, 9.480599965172587e-05
400, 9.136424978350988e-05
401, 9.103674983634846e-05
402, 0.00010924324988081935
403, 9.324199982074788e-05
404, 9.284250018026796e-05
405, 0.00010430849988551927
406, 9.358674969917047e-05
407, 0.00010290674981661141
408, 9.629650003262213e-05
409, 9.993625008064555e-05
410, 0.00010254774997520144
411, 9.436649997951463e-05
412, 0.00012610200019480544
413, 0.00013428274996840628
414, 0.00011905249994015321
415, 9.52152499849035e-05
416, 0.00010744375003923778
417, 9.844624992183526e-05
418, 9.481149982093484e-05
419, 9.560800026520155e-05
420, 9.520999992673751e-05
421, 9.53612502598844e-05
422, 9.560724993207259e-05
423, 0.00011537649970705388
424, 9.65399999586225e-05
425, 9.636500044507557e-05
426, 9.650800029703532e-05
427, 0.000110533499992016
428, 9.722899994812906e-05
429, 9.713749977890984e-05
430, 9.4266250016517e-05
431, 0.0001031172500916
432, 9.733849992699106e-05
433, 0.00012527050012067775
434, 9.821525009101606e-05
435, 0.00013436575000014273
436, 9.98465002339799e-05
437, 9.975824968933011e-05
438, 0.00010617175030347425
439, 0.00011847850009871763
440, 9.667574977356708e-05
441, 0.00010099824976350646
442, 0.00010064949992738548
443, 0.00010145324995392002
444, 0.00010128450003321632
445, 0.0001121212503676361
446, 0.00011947599978157086
447, 0.0001403430001118977
448, 0.00010675400017134962
449, 9.828024985836237e-05
450, 0.00010276600005454384
451, 0.00011636925000857445
452, 0.00010570049971647677
453, 0.00011667499984469032
454, 0.00010421175011288142
455, 9.968099993784563e-05
456, 9.984224971049116e-05
457, 0.00010466149979038164
458, 0.00010010325013354304
459, 0.00010060649992738036
460, 0.00010689000009733718
461, 0.00010036499998022919
462, 0.00010065600008601905
463, 0.0001044955001816561
464, 0.00010911699973803479
465, 0.00010135474985872861
466, 0.00010176325031352462
467, 0.00011222474995520315
468, 0.00011455325011411333
469, 0.00013230500007921364
470, 0.0001064917501025775
471, 0.00010656549966370221
472, 0.00010678474973246921
473, 0.00011671899983412004
474, 0.0001328072503383737
475, 0.00011414549999244628
476, 0.00013461600019581965
477, 0.00016699400021025212
478, 0.00013181975009501912
479, 0.00010790399983306997
480, 0.00011057575011363951
481, 0.00011194875014552963
482, 0.00010880750005526352
483, 0.00010896399999182904
484, 0.00010872474967982271
485, 0.00010948675026156707
486, 0.0001097132499126019
487, 0.0001225102496391628
488, 0.00011293650004517986
489, 0.00011353400032021455
490, 0.00010652774972186307
491, 0.00010654099969542585
492, 0.00010723650029831333
493, 0.000107440499959921
494, 0.0001188690002891235
495, 0.00011449449993961025
496, 0.0001206975002787658
497, 0.0001084770001398283
498, 0.00010852349987544585
499, 0.00010863424995477544
500, 0.00010899550034082495
501, 0.00010922450019279495
502, 0.00011610350020418991
503, 0.00010930799999187002
504, 0.00011900100025741267
505, 0.00013722624998990796
506, 0.00012244549998285947
507, 0.00018573350007500267
508, 0.00028103499971621204
509, 0.0001888705000965274
510, 0.000154583499806904
511, 0.00013352175028558122
512, 0.00012673924993578112
513, 0.00011883200022566598
514, 0.00011845475000882288
515, 0.00011863574991366477
516, 0.0001193972498185758
517, 0.00011921324994546012
518, 0.0001196045000142476
519, 0.0001446505002604681
520, 0.00013799099997413578
521, 0.00012670500018430175
522, 0.00011736600026779342
523, 0.00012316250013100216
524, 0.00012186699996163952
525, 0.00011408000000301399
526, 0.0001240847500412201
527, 0.00011753775015677093
528, 0.00013231174989414285
529, 0.00013370149963520817
530, 0.0001201052500618971
531, 0.00011913300022570184
532, 0.00011954125011470751
533, 0.00012017149992971099
534, 0.0001305649998357694
535, 0.0001681220001046313
536, 0.000125570750242332
537, 0.00013304200001584832
538, 0.00012880050007879618
539, 0.0001236265002262371
540, 0.00012819500034311204
541, 0.0001254600001630024
542, 0.0001229080003213312
543, 0.00012319075040068128
544, 0.00012287475010452908
545, 0.00014733550005985308
546, 0.00012241549984537414
547, 0.00012823399993067142
548, 0.000121924750146718
549, 0.00012665949998336146
550, 0.00012205824987177039
551, 0.00012228674995640176
552, 0.00014735324975845288
553, 0.00012394899977152818
554, 0.0001385225000376522
555, 0.00012500150023697643
556, 0.00012594600002557854
557, 0.00013643099964610883
558, 0.00014456049984801211
559, 0.00013567625001087436
560, 0.00012494375005189795
561, 0.00012561325002025114
562, 0.00016276675023618736
563, 0.00015394525007650373
564, 0.00013026150008954573
565, 0.00012694325005213614
566, 0.00012713925025309436
567, 0.00012660550009968574
568, 0.0001286175001951051
569, 0.00013455350017466117
570, 0.00013833025013809674
571, 0.0001363832498100237
572, 0.00013369850012168172
573, 0.00013868299993191613
574, 0.00012933774996781722
575, 0.00013032424976699986
576, 0.00012467824990380905
577, 0.00013699574992642738
578, 0.00012881500015282654
579, 0.00012930850016346085
580, 0.0001331462503912917
581, 0.00013154899988876423
582, 0.00014454350002779393
583, 0.00015769724996061996
584, 0.00013752700033364818
585, 0.0001406727501489513
586, 0.00013530849992093863
587, 0.000131223750031495
588, 0.00013034750008955598
589, 0.00013882500024919864
590, 0.0001356504999421304
591, 0.00013151800021660165
592, 0.0001312889999098843
593, 0.000168733999998949
594, 0.0001547887500237266
595, 0.0001647927501835511
596, 0.00013338225016923388
597, 0.00016650025008857483
598, 0.00015007799993327353
599, 0.00016196900014620041
600, 0.00015043675011838786
601, 0.00013034050016358378
602, 0.0001300164999520348
603, 0.00013078775009489618
604, 0.00013067149984635762
605, 0.0001353725001536077
606, 0.00015118074998099473
607, 0.00019598825019784272
608, 0.0001407797503816255
609, 0.00013597349970950745
610, 0.00013617300010082545
611, 0.00013608699964606785
612, 0.00014873974987494876
613, 0.00015214050017675618
614, 0.00015399824997075484
615, 0.00024697500020920415
616, 0.00016281599982903572
617, 0.00014557050008079386
618, 0.00013674000001628883
619, 0.00013733049991060398
620, 0.00013805399976263288
621, 0.00013840575002177502
622, 0.00013790074990538415
623, 0.00014910425034031505
624, 0.00013903374974688631
625, 0.00013944624970463337
626, 0.000138744750074693
627, 0.00016672374977133586
628, 0.00015759300003992394
629, 0.00017677750020084204
630, 0.00023954450034580077
631, 0.00020125799983361503
632, 0.000153776750266843
633, 0.0001747772498674749
634, 0.00014303299985840567
635, 0.0001447080003345036
636, 0.0001413965001120232
637, 0.00015167550009209663
638, 0.00017948575032278313
639, 0.000149483249970217
640, 0.0001537504999760131
641, 0.00019156224971084157
642, 0.00015367124979093205
643, 0.00014640075005445397
644, 0.00016824175008878228
645, 0.00013993675020174123
646, 0.0001560587502353883
647, 0.00014328750012282399
648, 0.00014321250000648433
649, 0.0002486962498551293
650, 0.00018173300031776307
651, 0.00019325475022924365
652, 0.00016937400005190284
653, 0.00016747874997236067
654, 0.0001530827498754661
655, 0.00014464574996964075
656, 0.00014404100011233822
657, 0.00014529274994856678
658, 0.00014227724977899925
659, 0.00016159124970727134
660, 0.00020966274996681022
661, 0.00022449625021181419
662, 0.0001477277496633178
663, 0.00014338099981614505
664, 0.0001550702500026091
665, 0.0001766597497407929
666, 0.00014758099996470264
667, 0.00014387800001713913
668, 0.0001478642502661387
669, 0.00015691950011387235
670, 0.0001529229998595838
671, 0.00014489499972114572
672, 0.00014509125003314693
673, 0.0001575759997649584
674, 0.0001456537502235733
675, 0.00014970899974287022
676, 0.00015379600017695338
677, 0.0001495325000178127
678, 0.00014659374983239104
679, 0.00017537375015308498
680, 0.0001597007503733039
681, 0.00018384974964646972
682, 0.00015258199982781662
683, 0.00015247925011863117
684, 0.000258696999935637
685, 0.00015749849990243092
686, 0.00015398949972222908
687, 0.0001634767500036105
688, 0.00015205774980131537
689, 0.00015220975001284387
690, 0.00015936599993437994
691, 0.0001950597502400342
692, 0.00023620374986421666
693, 0.00016335974987669033
694, 0.0001540897496852267
695, 0.00016288575034195674
696, 0.00015283974971680436
697, 0.00017375424977217335
698, 0.00015030524991743732
699, 0.0001507537499492173
700, 0.0001739350000207196
701, 0.0001600567497916927
702, 0.00015172275016084313
703, 0.00019249500019213883
704, 0.0001521935000710073
705, 0.00017806024970923318
706, 0.00015529900019828347
707, 0.0001669344997026201
708, 0.0001916740002343431
709, 0.00015653524997105706
710, 0.00017112800014729146
711, 0.00016781200019977405
712, 0.00015717049973318353
713, 0.00016124549983942416
714, 0.0001573340000504686
715, 0.00015804699978616554
716, 0.00017566250016898266
717, 0.00016415150003012968
718, 0.00017772850014807773
719, 0.00015881324998190394
720, 0.00016133525014083716
721, 0.00017650774998401175
722, 0.00016450875000373344
723, 0.0001597764999132778
724, 0.00017533925029056263
725, 0.00015917500013529207
726, 0.00017048624977178406
727, 0.00016051100010372465
728, 0.0001618812498236366
729, 0.000203703999886784
730, 0.00022442125009547453
731, 0.0001855460000115272
732, 0.00016419724988736561
733, 0.00016730574998291559
734, 0.0001698440000836854
735, 0.00016363724989787443
736, 0.00023188124987427727
737, 0.00016295024988721707
738, 0.00015891799966993858
739, 0.00016274049994535744
740, 0.00017628375007916475
741, 0.00016429249990324024
742, 0.0001637149998714449
743, 0.00018702724992181174
744, 0.00016277875010928256
745, 0.00017771674993127817
746, 0.00017685800003164331
747, 0.00016547250015719328
748, 0.00017414449985153624
749, 0.00017730125000525732
750, 0.00020482875015659374
751, 0.00016567974989811773
752, 0.0001659065001149429
753, 0.0001655994997236121
754, 0.0003903502501998446
755, 0.00030735624977751286
756, 0.00024310500020874315
757, 0.0001817345000745263
758, 0.0001873737501227879
759, 0.00016374849974454264
760, 0.0001634225000088918
761, 0.00016361899997718865
762, 0.0001737080001475988
763, 0.00016492150007252349
764, 0.00016347525024684728
765, 0.00018735774983724696
766, 0.00016500874971825397
767, 0.00020736650003527757
768, 0.00017120775009971112
769, 0.00019576124986997456
770, 0.00020143399979133392
771, 0.00018334725018576137
772, 0.00017598274962438154
773, 0.0001702384997770423
774, 0.00017108700012613554
775, 0.00021926974977759528
776, 0.00017636225038586417
777, 0.0001866274997155415
778, 0.00016686825028955354
779, 0.00017991649974646862
780, 0.00016809999988254276
781, 0.00017881075018522097
782, 0.0002217807500528579
783, 0.0001795592502276122
784, 0.00018772600014926866
785, 0.00018258625004818896
786, 0.00020201799998176284
787, 0.00023873974987509428
788, 0.00018870825033445726
789, 0.00021629100001518964
790, 0.0002449264998176659
791, 0.00018488175010134
792, 0.00022739499991075718
793, 0.00017477925030107144
794, 0.00019416199984334526
795, 0.00017512149997855886
796, 0.00019283924984847545
797, 0.00018586274973131367
798, 0.00018819549995896523
799, 0.00019174074986949563
800, 0.00017145250012617907
801, 0.00017207425025844714
802, 0.00018266474990014103
803, 0.00018317449985261192
804, 0.00017983999987336574
805, 0.00019698200003404054
806, 0.00017305599976680242
807, 0.00017309774966633995
808, 0.00018447225011186674
809, 0.0002533765000407584
810, 0.00024576824989708257
811, 0.00019282199991721427
812, 0.00018360474996370613
813, 0.00018941274993267143
814, 0.00017933449998963624
815, 0.0001791862500795105
816, 0.00017968825022762758
817, 0.00018047824960376602
818, 0.00018259224998473655
819, 0.00017940749967237934
820, 0.00017928650004250812
821, 0.00019702449981195969
822, 0.00025908950010489207
823, 0.00026757875002658693
824, 0.00019166075026078033
825, 0.0001916930000334105
826, 0.0002186295000683458
827, 0.0002606339999147167
828, 0.00021615850027956185
829, 0.00023005625007499475
830, 0.00018656725023902254
831, 0.00018446349986334099
832, 0.0001867762498477532
833, 0.00018066299981001066
834, 0.00020495499984463095
835, 0.00017928324996319134
836, 0.00019322075013405993
837, 0.00022866674999022507
838, 0.0002002289998017659
839, 0.00018924300002254313
840, 0.00018040700024357648
841, 0.0002048174997071328
842, 0.00021280600003592554
843, 0.00020161900010862155
844, 0.0001901589998851705
845, 0.00018514699968363857
846, 0.0001922460000969295
847, 0.00021444899994094158
848, 0.00018770199994833092
849, 0.00018620424998516683
850, 0.00018701325006986735
851, 0.00019442050006546197
852, 0.000186664749890042
853, 0.00018740724999588565
854, 0.00018733600018094876
855, 0.00021351324994611787
856, 0.0002032084998973005
857, 0.00018390474997431738
858, 0.00018825374991138233
859, 0.00019343350004419335
860, 0.00019526924961610348
861, 0.00018919675039796857
862, 0.0001893570001811895
863, 0.00019780750017162063
864, 0.00019332025021867594
865, 0.00020579274996634922
866, 0.0002718485002333182
867, 0.0002561164997132437
868, 0.0002843150000444439
869, 0.0001940297497640131
870, 0.0002078287502627063
871, 0.0001858374998846557
872, 0.00018585899988465826
873, 0.0001928922501974739
874, 0.00018721800006460398
875, 0.00018638099982126732
876, 0.00019420224998611957
877, 0.00023565799983771285
878, 0.0001985112498914532
879, 0.0001885297501758032
880, 0.00018895125003837165
881, 0.00020323675016697962
882, 0.00019823325010293047
883, 0.00025118849998762016
884, 0.00018998100040334975
885, 0.00023403575005431776
886, 0.0002017629999500059
887, 0.00023272525004358613
888, 0.00019039700009670923
889, 0.00020734174995595822
890, 0.00020023749993924866
891, 0.0001950754999597848
892, 0.0001953372502612183
893, 0.00019402924999667448
894, 0.0002128727501258254
895, 0.00021260599987726891
896, 0.00019558524991225568
897, 0.00020698125035778503
898, 0.0003362590000506316
899, 0.00021335175006242935
900, 0.0002470730000823096
901, 0.0002071922499453649
902, 0.0001969074996850395
903, 0.00030026549984540907
904, 0.00020017425003970857
905, 0.00020210625007166527
906, 0.00021476600022651837
907, 0.00021879374980926514
908, 0.00019926599998143502
909, 0.000222516499889025
910, 0.00022004924994689645
911, 0.00019839100013996358
912, 0.0001996305004468013
913, 0.00019933225030399626
914, 0.00020974725021005725
915, 0.00019994299964309903
916, 0.00020401175015649642
917, 0.00022503650006910902
918, 0.00023250274989550235
919, 0.00020129750009800773
920, 0.00020074350004506414
921, 0.00021291699977155076
922, 0.00021149149961274816
923, 0.00020203024996590102
924, 0.00020079249998161686
925, 0.00020245875020918902
926, 0.0002396712498011766
927, 0.00020581950002451777
928, 0.00022555549958269694
929, 0.0002335070003027795
930, 0.00022057200021663448
931, 0.00032032475019150297
932, 0.00022674399997413275
933, 0.00020221425029376405
934, 0.0002887934997488628
935, 0.000204924249828764
936, 0.00020383874971230398
937, 0.00021194049986661412
938, 0.0002385960001447529
939, 0.0002829115001077298
940, 0.00027619625006991555
941, 0.0002112075003424252
942, 0.0002078385000459093
943, 0.00021025775004090974
944, 0.00020710775015686522
945, 0.0002301399999851128
946, 0.00023642799988010665
947, 0.00022071124976719148
948, 0.0002372140002080414
949, 0.00025489025028946344
950, 0.00021295275018928805
951, 0.00020390125018820981
952, 0.00020323275020928122
953, 0.00022709174982082914
954, 0.00020918475001963088
955, 0.0002133202501681808
956, 0.00025788524999370566
957, 0.00021505299991986249
958, 0.00024505949977537966
959, 0.0002094599999509228
960, 0.00021111699970788322
961, 0.00022472249975180603
962, 0.00020977174972358625
963, 0.00020969724982933258
964, 0.00021075525000924245
965, 0.0002487265001036576
966, 0.00026828299996850546
967, 0.000228259249979601
968, 0.0002959859998554748
969, 0.00022107649965619203
970, 0.00022282574991550064
971, 0.00021500499997273437
972, 0.00022261749973040423
973, 0.00021952575025352417
974, 0.0002123775002473849
975, 0.00021214199978203396
976, 0.00025596549994588713
977, 0.0002466157502567512
978, 0.00022349499977281084
979, 0.00021373324989326647
980, 0.00022359849981512525
981, 0.00021493600024768966
982, 0.0002346774999750778
983, 0.00024165750028259936
984, 0.0002286522499161947
985, 0.0002205844998570683
986, 0.00022298700014289352
987, 0.00023601175007570419
988, 0.00022311825023280107
989, 0.00023208549964692793
990, 0.0002760669999588572
991, 0.00029594650004582945
992, 0.00022291350023806444
993, 0.00022510250028062728
994, 0.00021583224997812067
995, 0.00022922000016478705
996, 0.00021564024973486084
997, 0.00023880250000729575
998, 0.00021876450000490877
999, 0.00022810075006418629
1000, 0.00022946299986870144
1001, 0.0002309547503500653
1002, 0.00021855049999430776
1003, 0.0002486397497705184
1004, 0.00023137949983720318
1005, 0.0004004265001640306
1006, 0.00030601349999415106
1007, 0.00036084149996895576
1008, 0.00038020925012460793
1009, 0.0004002982495876495
1010, 0.0004031442499581317
1011, 0.00042608549983924604
1012, 0.00042747274983412353
1013, 0.0004275432497706788
1014, 0.00043065350018878235
1015, 0.0004324470000938163
1016, 0.000431176500114816
1017, 0.0006900437501826673
1018, 0.0004387035000945616
1019, 0.0004290867500458262
1020, 0.0004218832500555436
1021, 0.00039188224991448806
1022, 0.000402845500047988
1023, 0.0004196132499600935
1024, 0.0004466135001166549
1025, 0.0005429325001387042
1026, 0.000524779499755823
1027, 0.00043336150019968045
1028, 0.0004290625001885928
1029, 0.0004296404999877268
1030, 0.00043388599988247734
1031, 0.0004128097502871242
1032, 0.0004307049998715229
1033, 0.0003751109998120228
1034, 0.00038745024994568666
1035, 0.0004307255003368482
1036, 0.00043349299994588364
1037, 0.0004438470000422967
1038, 0.00043060000007244525
1039, 0.00030519324991473695
1040, 0.0002814377498907561
1041, 0.00027486025010148296
1042, 0.0002948605001620308
1043, 0.00041041750000658794
1044, 0.0004253000001881446
1045, 0.00043499224966581096
1046, 0.00023229599992191652
1047, 0.00025743925016286084
1048, 0.00023534950014436617
1049, 0.00023917275029816665
1050, 0.00023857025007600896
1051, 0.0002375042499807023
1052, 0.0002522874997339386
1053, 0.00026281800001015654
1054, 0.00023001299996394664
1055, 0.0002590600001894927
1056, 0.00022987024976828252
1057, 0.00023475299985875608
1058, 0.0002299207499163458
1059, 0.00031132774984143907
1060, 0.00023244475005412824
1061, 0.00025318025018350454
1062, 0.00025493700013612397
1063, 0.00023201799967864645
1064, 0.00023156425004344783
1065, 0.00023155650023909402
1066, 0.00024036049990172614
1067, 0.00025317475001429557
1068, 0.00023135874971558223
1069, 0.00023955450024004676
1070, 0.00025263999987146235
1071, 0.0002435322498968162
1072, 0.00025157150002996786
1073, 0.00024355449977520038
1074, 0.00023229674980029813
1075, 0.00023314825011766516
1076, 0.0002863469999283552
1077, 0.0002617195000311767
1078, 0.00034243150003021583
1079, 0.00026131799995710026
1080, 0.00028817299971706234
1081, 0.00023414299994328758
1082, 0.00024072625001281267
1083, 0.00023923924982227618
1084, 0.00023553224991701427
1085, 0.0002632452496982296
1086, 0.0002352217502448184
1087, 0.00026133024994123843
1088, 0.0002931722497123701
1089, 0.00027355924976291135
1090, 0.0002596869999251794
1091, 0.0002578830003585608
1092, 0.0002460464997966483
1093, 0.00023734675005471217
1094, 0.0003870307500619674
1095, 0.00043928050035901833
1096, 0.0004474514998946688
1097, 0.00043876124982489273
1098, 0.0004589169998325815
1099, 0.00045667724998565973
1100, 0.00046647574981761863
1101, 0.0004596349999701488
1102, 0.0005598042503152101
1103, 0.0004614517497429915
1104, 0.00046190400007617427
1105, 0.00046748900012971717
1106, 0.00046639824995509116
1107, 0.0004632125001080567
1108, 0.00047286200015150825
1109, 0.00047122724981818465
1110, 0.0004894189996775822
1111, 0.0004657027502616984
1112, 0.0004635977502402966
1113, 0.00045874100032960996
1114, 0.0004685392500505259
1115, 0.00046674324994455674
1116, 0.00044193475014253636
1117, 0.0004822639998565137
1118, 0.0004645517501558061
1119, 0.00042926000014631427
1120, 0.0005216172503423877
1121, 0.0004524140003923094
1122, 0.0004494499999054824
1123, 0.00031466749987885123
1124, 0.00028670700021393714
1125, 0.00024706850035727257
1126, 0.0002926040001511865
1127, 0.00025121074986600433
1128, 0.0002461467497596459
1129, 0.0002706999998736137
1130, 0.0002481237497704569
1131, 0.0002566532498349261
1132, 0.0003647865000857564
1133, 0.00026297475005776505
1134, 0.00027983100017081597
1135, 0.0002527132501199958
1136, 0.0002449587500450434
1137, 0.0002708872502807935
1138, 0.0002474587499818881
1139, 0.00024610724995000055
1140, 0.00027144475006934954
1141, 0.0003654012502920523
1142, 0.00033549625004525296
1143, 0.0002533159999984491
1144, 0.00026381125007901574
1145, 0.0002747377498053538
1146, 0.0002615190001051815
1147, 0.0002766827496998303
1148, 0.0002488875002200075
1149, 0.0002497747500456171
1150, 0.00026718849994722405
1151, 0.00028260975022931234
1152, 0.0002728485001171066
1153, 0.00031418600019605947
1154, 0.00028277325009185006
1155, 0.00025356275000376627
1156, 0.0002539012498345983
1157, 0.0002806109996527084
1158, 0.00027193325013286085
1159, 0.0002624900002956565
1160, 0.0002977022500090243
1161, 0.00034867349995693075
1162, 0.0002636117501424451
1163, 0.0002831564997904934
1164, 0.00038411199966503773
1165, 0.0003438899998400302
1166, 0.00029701299990847474
1167, 0.0002711602496674459
1168, 0.00025286350000897073
1169, 0.000297307999971963
1170, 0.00028453975028241985
1171, 0.00026619324989951565
1172, 0.0002816480000547017
1173, 0.00026607974996295525
1174, 0.00027198825000596116
1175, 0.0002622192500894016
1176, 0.00025318400003015995
1177, 0.00025025649983945186
1178, 0.0002768735002973699
1179, 0.00027067475002695573
1180, 0.00028590049987542443
1181, 0.0002524884998820198
1182, 0.00028263099966352456
1183, 0.00026125649992536637
1184, 0.0002532242497181869
1185, 0.00025340399997730856
1186, 0.00029141025015633204
1187, 0.0002656179999576125
1188, 0.00029209424974396825
1189, 0.00043934199993600487
1190, 0.0003494012503324484
1191, 0.0002682877498045855
1192, 0.00031936174991642474
1193, 0.00027990924991172506
1194, 0.0002695009998205933
1195, 0.0002576202496129554
1196, 0.00027349325000614044
1197, 0.00027061125001637265
1198, 0.0002745017500274116
1199, 0.0003036057501049072
1200, 0.00029450174997691647
1201, 0.00027091700030723587
1202, 0.00030633825008408166
1203, 0.0002609042498988856
1204, 0.00028106850004405715
1205, 0.0002839967496583995
1206, 0.00028909799993925844
1207, 0.00029595849991892464
1208, 0.0002610757501315675
1209, 0.0002658177500052261
1210, 0.0002957679998871754
1211, 0.0002659265001057065
1212, 0.00026921825019599055
1213, 0.0002974164999614004
1214, 0.00027725375002773944
1215, 0.00027636625009108684
1216, 0.0003274139999120962
1217, 0.0002638062496771454
1218, 0.0002796814997054753
1219, 0.00032178025003304356
1220, 0.0002826872500918398
1221, 0.0002735230000325828
1222, 0.00026530524974077707
1223, 0.00029159049972804496
1224, 0.00026452974998392165
1225, 0.00026547474999460974
1226, 0.00031665000005887123
1227, 0.00026570299996819813
1228, 0.00026144174989894964
1229, 0.0006742222499269701
1230, 0.00041803275007623597
1231, 0.0003226032499696885
1232, 0.0002840682500391267
1233, 0.00026194149995717453
1234, 0.0002740632498898776
1235, 0.0002919502499025839
1236, 0.00027958424971075146
1237, 0.00032157224995899014
1238, 0.00028058699990651803
1239, 0.0002652262501214864
1240, 0.0003981152499363816
1241, 0.0002796417502395343
1242, 0.0002927212499344023
1243, 0.0003682927499539801
1244, 0.0002802747499117686
1245, 0.0002653202500368934
1246, 0.00027740675022869254
1247, 0.0002726962497945351
1248, 0.000275407749995793
1249, 0.0002878985001188994
1250, 0.00029200000017226557
1251, 0.0002669660002538876
1252, 0.00029611950003527454
1253, 0.00038562650024687173
1254, 0.0002935094998974819
1255, 0.0004069634996994864
1256, 0.0002765112499218958
1257, 0.0002882167500501964
1258, 0.0002859814999283117
1259, 0.0002754759998424561
1260, 0.0002722200001699093
1261, 0.00028729475025102147
1262, 0.00029304824965947773
1263, 0.0002983007498187362
1264, 0.00028167275013402104
1265, 0.00029369874982876354
1266, 0.0003877325002576981
1267, 0.000301830750231602
1268, 0.0003573369999685383
1269, 0.00028034824981659767
1270, 0.0002929439997387817
1271, 0.00027093050039184163
1272, 0.0002711952497520542
1273, 0.0002860357499230304
1274, 0.0002892967499974475
1275, 0.0002978227498715569
1276, 0.00029412925005090074
1277, 0.0002722320000430045
1278, 0.00029540824971263646
1279, 0.0002832440000020142
1280, 0.0002999767498295114
1281, 0.00046252499987531337
1282, 0.0002903947497543413
1283, 0.00027773250030804775
1284, 0.00028725200036205933
1285, 0.0003093422496931453
1286, 0.0002861285001927172
1287, 0.000360080999598722
1288, 0.00028391474961608765
1289, 0.00029186050005591824
1290, 0.0003005217499776336
1291, 0.00027851200002260157
1292, 0.00027973224996458157
1293, 0.00036418124955162057
1294, 0.0003022167502422235
1295, 0.000278944250112545
1296, 0.0002907905000029132
1297, 0.00028954099980182946
1298, 0.0002826345003086317
1299, 0.00028960099962205277
1300, 0.00032882249979593325
1301, 0.00028145399983259267
1302, 0.0002811469998960092
1303, 0.00028150600019216654
1304, 0.00028201674967931467
1305, 0.00032950950026133796
1306, 0.0002892459997383412
1307, 0.00028392775038810214
1308, 0.0003674605000014708
1309, 0.00030480424993584165
1310, 0.0004513449998739816
1311, 0.00032454900019729394
1312, 0.0002831727501870773
1313, 0.00032154425025510136
1314, 0.00036873950011795387
1315, 0.00031120650010052486
1316, 0.00028836699993917136
1317, 0.0003807222501563956
1318, 0.00029401749998214655
1319, 0.00028578349974850425
1320, 0.0003474284999356314
1321, 0.0002891780000027211
1322, 0.0003213577501810505
1323, 0.0003191430000697437
1324, 0.0004530882501967426
1325, 0.00033429250015615253
1326, 0.00032543175029786653
1327, 0.00029977274971315637
1328, 0.00029268424987094477
1329, 0.0003500272500787105
1330, 0.0003044227496502572
1331, 0.0002894975000344857
1332, 0.00030295600026875036
1333, 0.00029386324968072586
1334, 0.0003013549999195675
1335, 0.0003109772496827645
1336, 0.00028809300010834704
1337, 0.0002888552498916397
1338, 0.00030412575006266707
1339, 0.00028859050007667975
1340, 0.0003035489999092533
1341, 0.0003167297500112909
1342, 0.0002892967499974475
1343, 0.00030142075002004276
1344, 0.0003142787500109989
1345, 0.0003214697503608477
1346, 0.0004206162502669031
1347, 0.00030069300009927247
1348, 0.0003090802501901635
1349, 0.0002902062501561886
1350, 0.00030774075003137114
1351, 0.00031881799986877013
1352, 0.00029694275008296245
1353, 0.0005007067497899698
1354, 0.00035523675023796386
1355, 0.00030597349996241974
1356, 0.00033836750026239315
1357, 0.0003103072499470727
1358, 0.0003415075002521917
1359, 0.0003157364999424317
1360, 0.00029406675002974225
1361, 0.00030111824980849633
1362, 0.0003043282499675115
1363, 0.00029800924994560773
1364, 0.00031403750017489074
1365, 0.0003047842496926023
1366, 0.000311712749862636
1367, 0.0004611647500496474
1368, 0.0003006785000252421
1369, 0.00032323999994332553
1370, 0.00039873325022199424
1371, 0.00030232424978748895
1372, 0.0003657370002656535
1373, 0.00036316050000095856
1374, 0.0003142647497043072
1375, 0.0002967997502310027
1376, 0.00030612350019509904
1377, 0.000299390000236599
1378, 0.0002957902502203069
1379, 0.00032559974988544127
1380, 0.00032455824975841097
1381, 0.00032690549960534554
1382, 0.0003356500001245877
1383, 0.0002944817501884245
1384, 0.0003063607500735088
1385, 0.00031796450002730126
1386, 0.00029888500012020813
1387, 0.0003454614998190664
1388, 0.00031587824969392386
1389, 0.0003000112501467811
1390, 0.00031763200013301685
1391, 0.00030102675009402446
1392, 0.0003185544996995304
1393, 0.0003109664999101369
1394, 0.0003230305001125089
1395, 0.0004973444997631304
1396, 0.0003540982502272527
1397, 0.00030842899968774873
1398, 0.000336377499934315
1399, 0.00033137374975922285
1400, 0.00031707300013295026
1401, 0.00037901949963270454
1402, 0.0003153982502226427
1403, 0.00030810600037511904
1404, 0.0003278119997958129
1405, 0.0003247865001867467
1406, 0.00031445350032299757
1407, 0.00041074399996432476
1408, 0.0004530287501438579
1409, 0.00039027000002533896
1410, 0.0004031415001009009
1411, 0.0003197822497895686
1412, 0.00032566824984314735
1413, 0.0003251887501392048
1414, 0.0003139405002912099
1415, 0.00034036900024148053
1416, 0.00032021525021264097
1417, 0.00030784525006311014
1418, 0.0003250417498747993
1419, 0.00032328699990102905
1420, 0.00030618849996244535
1421, 0.0003679662499962433
1422, 0.0003295179999440734
1423, 0.0003103019998889067
1424, 0.00030440725004154956
1425, 0.0003164370000376948
1426, 0.00031370275019071414
1427, 0.0003189382500750071
1428, 0.00034137249986088136
1429, 0.0008361107502423692
1430, 0.00038581249964408926
1431, 0.0003430819997447543
1432, 0.0003098124998359708
1433, 0.00034353149976595887
1434, 0.000497167499815987
1435, 0.00032711249968997436
1436, 0.0003103472504335514
1437, 0.00035046349967160495
1438, 0.0003183282501595386
1439, 0.00039009125021038926
1440, 0.00030640949989901856
1441, 0.0003288842499387101
1442, 0.0003305459999864979
1443, 0.00031941025008563884
1444, 0.0003115244999207789
1445, 0.00042684424988692626
1446, 0.0003679090000332508
1447, 0.00036961299974791473
1448, 0.00037185749988566386
1449, 0.00034163775035267463
1450, 0.000412692500049161
1451, 0.0003142882501379063
1452, 0.000440460500158224
1453, 0.0003454559996498574
1454, 0.00032049850005932967
1455, 0.0003301844999441528
1456, 0.00031863274989518686
1457, 0.0003211514999748033
1458, 0.0003625449999162811
1459, 0.0003706965003402729
1460, 0.00047353799982374767
1461, 0.00034447974985596375
1462, 0.0003484202502477274
1463, 0.0003627832502388628
1464, 0.0003141375000268454
1465, 0.0003892107497449615
1466, 0.00033519049975438975
1467, 0.0003352687499500462
1468, 0.0003541474998201011
1469, 0.0004209312501188833
1470, 0.0003293494996796653
1471, 0.00031310424992625485
1472, 0.0003547927499312209
1473, 0.0004651235003620968
1474, 0.00036493925017566653
1475, 0.00041977574983320665
1476, 0.0003236139996261045
1477, 0.00035078424980383716
1478, 0.0003754660001504817
1479, 0.000354408000021067
1480, 0.00032615825011816924
1481, 0.0003286542500973155
1482, 0.000364155249826581
1483, 0.0003203080000275804
1484, 0.0003491392499199719
1485, 0.0003325365000819147
1486, 0.00038005049964340287
1487, 0.00032872750034584897
1488, 0.00032863875003386056
1489, 0.00032689149975340115
1490, 0.0003310184997644683
1491, 0.0003341452502354514
1492, 0.0003170669997416553
1493, 0.0003529497503222956
1494, 0.0003178155002387939
1495, 0.0003435114999774669
1496, 0.0003306080002403178
1497, 0.00032793099990158225
1498, 0.00035656450017995667
1499, 0.0003526422497088788
1500, 0.0003235127501284296
1501, 0.00033611050002946286
1502, 0.0003503050002109376
1503, 0.0003426745001888776
1504, 0.00035070800004177727
1505, 0.000388152750019799
1506, 0.000343459999839979
1507, 0.0003715972502504883
1508, 0.00032477700005983934
1509, 0.00036760874991159653
1510, 0.00039098200022635865
1511, 0.0003603990003284707
1512, 0.0003584390001378779
1513, 0.00046009275001779315
1514, 0.0003359155002726766
1515, 0.00032935150011326186
1516, 0.00034970174965565093
1517, 0.000379719750071672
1518, 0.0003359769998496631
1519, 0.0003512369999043585
1520, 0.00034245850019942736
1521, 0.0003348800000821939
1522, 0.00033428325014028815
1523, 0.0003364789999977802
1524, 0.00036303400020187837
1525, 0.0003242497500650643
1526, 0.0003344484998706321
1527, 0.0003386280000086117
1528, 0.0003676799997265334
1529, 0.0003338755000186211
1530, 0.00033505800001876196
1531, 0.00036980374989070697
1532, 0.00034284675029994105
1533, 0.00040820425010679173
1534, 0.0003411902498555719
1535, 0.00033515750010337797
1536, 0.0003363035002621473
1537, 0.00042834150008275174
1538, 0.00038014949996068026
1539, 0.0003585462500268477
1540, 0.00036991475008107955
1541, 0.0003406777500458702
1542, 0.0003637567497207783
1543, 0.0004226984997330874
1544, 0.00039061400002537994
1545, 0.0003568737502064323
1546, 0.0003537362499628216
1547, 0.00034751775001495844
1548, 0.00033334250019834144
1549, 0.0003822869998657552
1550, 0.0005310047499733628
1551, 0.0003383012499398319
1552, 0.0003537607503858453
1553, 0.00034155974981331383
1554, 0.000364702749720891
1555, 0.0004650482501347142
1556, 0.0003595012499317818
1557, 0.0003360994996910449
1558, 0.00035500924968800973
1559, 0.00036829425016549067
1560, 0.00033887400013554725
1561, 0.0003364035001141019
1562, 0.0003608219999478024
1563, 0.0003664585001388332
1564, 0.00035159275012119906
1565, 0.0003610915000535897
1566, 0.00037658425026165787
1567, 0.0008701452497916762
1568, 0.00037002325007051695
1569, 0.0003520309996929427
1570, 0.0003376057497916918
1571, 0.0003433990000303311
1572, 0.00035132650009472854
1573, 0.0003565497499948833
1574, 0.00037628849986504065
1575, 0.00037987650011928054
1576, 0.00037954075014567934
1577, 0.00038009924992365995
1578, 0.0003967174998251721
1579, 0.00035990800006402424
1580, 0.0003865997500724916
1581, 0.0003632077496149577
1582, 0.00035332075003680075
1583, 0.00036478274978435365
1584, 0.0003413445001569926
1585, 0.00035078149994660635
1586, 0.00039436175029550213
1587, 0.0004941919996781508
1588, 0.00037388675036709174
1589, 0.000367885750165442
1590, 0.00034659274979276233
1591, 0.00035132150014760555
1592, 0.00034096075023626327
1593, 0.0003966907497670036
1594, 0.00035626274984679185
1595, 0.000362730749657203
1596, 0.0003437382497395447
1597, 0.0003561724997780402
1598, 0.0003617422503339185
1599, 0.000392690250009764
1600, 0.0003659897497527709
1601, 0.0003494752500046161
1602, 0.00034412700006214436
1603, 0.0003604882499530504
1604, 0.00036227225018592435
1605, 0.00038756474987167167
1606, 0.00037245375006023096
1607, 0.0003501772503113898
1608, 0.00037770100016132346
1609, 0.0004975285000909935
1610, 0.00036334774995339103
1611, 0.0003695410000545962
1612, 0.00034399850028421497
1613, 0.00037357524979597656
1614, 0.00034418325003571226
1615, 0.00035549850008465
1616, 0.000370440749975387
1617, 0.00035503324988894747
1618, 0.00043426074989838526
1619, 0.00036798175005969824
1620, 0.00038636874978692504
1621, 0.00035781349970420706
1622, 0.00035475599997880636
1623, 0.00037355750009737676
1624, 0.0003887234997819178
1625, 0.00037353124980654684
1626, 0.00046745325016672723
1627, 0.0003765155001929088
1628, 0.00034595300030559883
1629, 0.00044046225002603023
1630, 0.0004181947497272631
1631, 0.0003575842501959414
1632, 0.0003566182499525894
1633, 0.0003714424997269816
1634, 0.0003667500000119617
1635, 0.0003788449998864962
1636, 0.00038121199986562715
1637, 0.0003670012501970632
1638, 0.0003700544998537225
1639, 0.0003634337499534013
1640, 0.00040211949999502394
1641, 0.0003630467499533552
1642, 0.00037479399998119334
1643, 0.0003535984997142805
1644, 0.0003671767499326961
1645, 0.00035317399988343823
1646, 0.00034846349990402814
1647, 0.00038574224981857697
1648, 0.00048187450011027977
1649, 0.00039719000005788985
1650, 0.00037716299993917346
1651, 0.0003857309998238634
1652, 0.0003521700000419514
1653, 0.00037988524991305894
1654, 0.0003693495000334224
1655, 0.00035796325028059073
1656, 0.0004062847501700162
1657, 0.0003669214997898962
1658, 0.00036923650031894795
1659, 0.00046052974994381657
1660, 0.0004895859997304797
1661, 0.00038392299984479905
1662, 0.00046871875019860454
1663, 0.0003601567500481906
1664, 0.000357500749942119
1665, 0.000494582000101218
1666, 0.0003768432502511132
1667, 0.0004780459998983133
1668, 0.00039961450011105626
1669, 0.0003929099998458696
1670, 0.0003808637497968448
1671, 0.0003776260000449838
1672, 0.0003739292501450109
1673, 0.00035531949970390997
1674, 0.0004313694998927531
1675, 0.000427411000146094
1676, 0.0004198317501504789
1677, 0.0003763674999390787
1678, 0.00039896250018500723
1679, 0.0003977209998993203
1680, 0.0003760610002245812
1681, 0.0003798464999817952
1682, 0.0005660657502630784
1683, 0.00043037525028921664
1684, 0.00040488500007995754
1685, 0.0003698364998854231
1686, 0.0003575445002752531
1687, 0.0003676792498481518
1688, 0.0004158470001129899
1689, 0.00038309599995045573
1690, 0.00037138625020816107
1691, 0.00039788224967196584
1692, 0.00037868499975957093
1693, 0.0004957292503604549
1694, 0.0005047299996476795
1695, 0.00040910274992711493
1696, 0.00039055449997249525
1697, 0.00037099925020811497
1698, 0.00037368824996519834
1699, 0.00043117874974996084
1700, 0.00039735874997859355
1701, 0.0004056692500853387
1702, 0.0004165132500020263
1703, 0.0003742025000974536
1704, 0.0003801215002567915
1705, 0.00036564550009643426
1706, 0.00040442725003231317
1707, 0.0003870895002364705
1708, 0.0003959427499466983
1709, 0.0003673822502605617
1710, 0.0003890309999405872
1711, 0.00037246849979055696
1712, 0.00046667549986523227
1713, 0.0003788564999922528
1714, 0.0003815075001512014
1715, 0.00038855250022606924
1716, 0.000532999250026478
1717, 0.0004692134998549591
1718, 0.0003696124999805761
1719, 0.0003943817500839941
1720, 0.00037732274995505577
1721, 0.0003996892501163529
1722, 0.00043902474999413243
1723, 0.0003884875000039756
1724, 0.0003819797502728761
1725, 0.00036942924998584203
1726, 0.0004296962497392087
1727, 0.00038389900009860867
1728, 0.0005434750000858912
1729, 0.00041914975008694455
1730, 0.0004116012501071964
1731, 0.00047840275010457844
1732, 0.000481298250178952
1733, 0.00037770300014017266
1734, 0.00040577324989499175
1735, 0.0003861657496599946
1736, 0.00038867774992468185
1737, 0.00038397250000343774
1738, 0.0004281390001779073
1739, 0.00038313425011438085
1740, 0.00041079899983742507
1741, 0.0003749082502508827
1742, 0.0003886412500833103
1743, 0.00037218550005491124
1744, 0.0003951102503378934
1745, 0.0004078800002389471
1746, 0.0004200507501082029
1747, 0.0003782447497542307
1748, 0.0003780322499551403
1749, 0.00038548249995074
1750, 0.0004097712503607909
1751, 0.0005069704998277302
1752, 0.0005601967495749705
1753, 0.000427445749664912
1754, 0.000383280999812996
1755, 0.00039857199999460136
1756, 0.0003816690000348899
1757, 0.0004142194998166815
1758, 0.00037333550017137895
1759, 0.0003849995000564377
1760, 0.0003926775002582872
1761, 0.0004857947501477611
1762, 0.0005408614997577388
1763, 0.0004206802500448248
1764, 0.0004179480001766933
1765, 0.000378972999897087
1766, 0.0004107917498004099
1767, 0.0004244115002620674
1768, 0.0004217864998281584
1769, 0.000380088499696285
1770, 0.00039154849991973606
1771, 0.0004362167501312797
1772, 0.0004667784996854607
1773, 0.0004016447501271614
1774, 0.00039551725012643146
1775, 0.00038842675030537066
1776, 0.000376417499865056
1777, 0.0004019749999315536
1778, 0.0003898940003637108
1779, 0.00039751200029058964
1780, 0.0004275394999240234
1781, 0.0004923189999317401
1782, 0.00041210250037693186
1783, 0.0003917012500096462
1784, 0.00040860925037122797
1785, 0.0004245585000717256
1786, 0.0004001917500318086
1787, 0.0003963807503168937
1788, 0.0004137482501391787
1789, 0.0004303004998291726
1790, 0.0004439334998096456
1791, 0.0004116575000807643
1792, 0.0004068082498633885
1793, 0.00039371399998344714
1794, 0.00039457225011574337
1795, 0.00043353000000934117
1796, 0.0004623432496373425
1797, 0.0004197465000288503
1798, 0.00038745575011489564
1799, 0.0004387062499517924
1800, 0.0003871065000566887
1801, 0.000457092000033299
1802, 0.00042030000031445525
1803, 0.00039243424998858245
1804, 0.00041045900024982984
1805, 0.0004183447499599424
1806, 0.0004020877499897324
1807, 0.0004188677498859761
1808, 0.0004212837498016597
1809, 0.00040880150027078344
1810, 0.0003878502502629999
1811, 0.00039750675023242366
1812, 0.00042297975005567423
1813, 0.00041516650026096613
1814, 0.00039017224980852916
1815, 0.0004014685000583995
1816, 0.0003918547499779379
1817, 0.00041070674978982424
1818, 0.00045682149993808707
1819, 0.0004273197500879178
1820, 0.00041583250003895955
1821, 0.0004214802502247039
1822, 0.00047303849987656577
1823, 0.0004061889999320556
1824, 0.000406073500016646
1825, 0.00040715449995332165
1826, 0.000421682999785844
1827, 0.00044205099993632757
1828, 0.0004124375000174041
1829, 0.00041383425013918895
1830, 0.0004747422499349341
1831, 0.0003922539999621222
1832, 0.000410496500080626
1833, 0.0004912719996355008
1834, 0.00042367350033600815
1835, 0.0004335779999564693
1836, 0.00044194375004735775
1837, 0.0004179447496426292
1838, 0.0004208967498016136
1839, 0.0004507919998104626
1840, 0.00046196150015020976
1841, 0.0004198427500341495
1842, 0.00039088399989850586
1843, 0.00040748399987933226
1844, 0.0003946739998355042
1845, 0.0004523237498688104
1846, 0.00040133824995791656
1847, 0.0004141084996263089
1848, 0.000418690000060451
1849, 0.0003995557499365532
1850, 0.00047966850024749874
1851, 0.00042646149995562155
1852, 0.00045877399998062174
1853, 0.0003988337498412875
1854, 0.0004491477502597263
1855, 0.00039971800015337067
1856, 0.000433517249803117
1857, 0.0004382267497931025
1858, 0.0004216252500555129
1859, 0.00048820150004758034
1860, 0.0004785887499565433
1861, 0.0004180485002507339
1862, 0.0004429990003700368
1863, 0.00042734499993457575
1864, 0.0004003697499683767
1865, 0.0004250537499501661
1866, 0.00042204174997095834
1867, 0.00041392299999643
1868, 0.0004597727502186899
1869, 0.00048618825030644075
1870, 0.0004225520001455152
1871, 0.0004545305000647204
1872, 0.00041345450017615804
1873, 0.0004206805001558678
1874, 0.000437073749708361
1875, 0.0004197345001557551
1876, 0.0004003347498837684
1877, 0.00043209749992456636
1878, 0.0004270405001989275
1879, 0.00041762774981179973
1880, 0.00041248399975302164
1881, 0.0004206849998809048
1882, 0.0004993369998373964
1883, 0.00041489575005471124
1884, 0.00043796050022137933
1885, 0.0004150467498220678
1886, 0.0004476237500057323
1887, 0.0004684159998760151
1888, 0.0004314034999879368
1889, 0.0004232827500345593
1890, 0.0004537937502391287
1891, 0.0004093397496944817
1892, 0.000426409750161838
1893, 0.00048550149995207903
1894, 0.0004883844999312714
1895, 0.00042960600012520445
1896, 0.00040782199994282564
1897, 0.00040837899996404303
1898, 0.00040433574986309395
1899, 0.00045488175010177656
1900, 0.00043326624972905847
1901, 0.00043780750002042623
1902, 0.0004027437503282272
1903, 0.0004797667497768998
1904, 0.000420318250235141
1905, 0.0004299114998502773
1906, 0.00044921049993718043
1907, 0.0005307290002747322
1908, 0.0004054705000271497
1909, 0.0004171967498223239
1910, 0.00043236325018369826
1911, 0.00043592199972408707
1912, 0.0004131370001232426
1913, 0.0004179197499070142
1914, 0.00048354525006288895
1915, 0.0004493285000535252
1916, 0.00047032225029397523
1917, 0.0004289762500775396
1918, 0.0004134534997319861
1919, 0.000412503499774175
1920, 0.0004530860001068504
1921, 0.00043087025005661417
1922, 0.00043358950006222585
1923, 0.00044140174986750935
1924, 0.0005556837500080292
1925, 0.0005372852501750458
1926, 0.000499572749959043
1927, 0.00042180150012427475
1928, 0.00043260974962322507
1929, 0.00041455375003351946
1930, 0.0004854644998886215
1931, 0.00041898400013451464
1932, 0.0004334845002631482
1933, 0.0004899682498944458
1934, 0.0006580447502528841
1935, 0.0004487302499001089
1936, 0.0004582407500492991
1937, 0.0004810084997188824
1938, 0.0004620884997166286
1939, 0.00042103850000785314
1940, 0.0005171784996491624
1941, 0.00042923974979203194
1942, 0.0004643372499231191
1943, 0.0004837370001951058
1944, 0.0005072077501608874
1945, 0.00048354625005231355
1946, 0.0004986577500858402
1947, 0.00043823949999932665
1948, 0.00041440899985900614
1949, 0.0004611547501554014
1950, 0.0004883627498202259
1951, 0.0005214084999352053
1952, 0.0004362290001154179
1953, 0.0005091257498861523
1954, 0.0004256634997545916
1955, 0.0004375505000098201
1956, 0.00042292524994991254
1957, 0.0005126044998178259
1958, 0.0004146367500652559
1959, 0.0004627862499546609
1960, 0.0004966534997947747
1961, 0.00043291974998282967
1962, 0.00043366049976611976
1963, 0.0004632802497326338
1964, 0.000648378249934467
1965, 0.0004492007496992301
1966, 0.0005266459997983475
1967, 0.00046310124980664114
1968, 0.00044377299991538166
1969, 0.0004835324998566648
1970, 0.0004682297503677546
1971, 0.00044977224979447783
1972, 0.00042586424979162985
1973, 0.0005742852499679429
1974, 0.0004874090000157594
1975, 0.00047812425009396975
1976, 0.0004981592496733356
1977, 0.0004957682499480143
1978, 0.0004477245001908159
1979, 0.0004582450001180405
1980, 0.00046457074995487346
1981, 0.00043867275007869466
1982, 0.00043923974999415805
1983, 0.0006209064999893599
1984, 0.0004873467501056439
1985, 0.0006063860000722343
1986, 0.0004904554998574895
1987, 0.0004380842501632287
1988, 0.0004492240000217862
1989, 0.0005478250000123808
1990, 0.0004603275001500151
1991, 0.0004486580000957474
1992, 0.0005492052500812861
1993, 0.0006458775001192407
1994, 0.00043951474981440697
1995, 0.0005646512499879464
1996, 0.0004401554997457424
1997, 0.0004927722502543475
1998, 0.00047796075023143203
1999, 0.00044740700013790047
