1, 2.5540000024193432e-05
2, 1.5193000308499904e-05
3, 1.620125021872809e-05
4, 1.2871249964518938e-05
5, 1.3200500234233914e-05
6, 1.454699986425112e-05
7, 1.3886000033380697e-05
8, 1.4609250229113968e-05
9, 1.5162250292632962e-05
10, 1.6665999737597303e-05
11, 1.5440750303241657e-05
12, 1.6658999811625108e-05
13, 1.6491749647684628e-05
14, 1.939925004990073e-05
15, 1.807650005503092e-05
16, 1.7036749795806827e-05
17, 1.8822000129148364e-05
18, 1.938700006576255e-05
19, 1.9858250198012684e-05
20, 3.8330250390572473e-05
21, 2.831150004567462e-05
22, 2.7146249976794934e-05
23, 2.087199982270249e-05
24, 2.0700500044767978e-05
25, 1.9733749923034338e-05
26, 2.1520000245800475e-05
27, 2.0331500309112016e-05
28, 2.0972000129404478e-05
29, 2.776300016194e-05
30, 3.4441749903635355e-05
31, 3.5953250062448205e-05
32, 2.254624996567145e-05
33, 2.2334500044962624e-05
34, 2.448899977025576e-05
35, 2.2809750134911155e-05
36, 2.295025024068309e-05
37, 2.3153500023909146e-05
38, 2.5074000404856633e-05
39, 2.4155749997589737e-05
40, 2.448899977025576e-05
41, 2.4435000341327395e-05
42, 2.6419249934406253e-05
43, 2.542475021982682e-05
44, 2.571949971752474e-05
45, 2.6062999950227095e-05
46, 2.8356999791867565e-05
47, 2.662149972820771e-05
48, 2.9831249776179902e-05
49, 2.6574250114208553e-05
50, 2.785674996630405e-05
51, 3.110924990323838e-05
52, 3.9469499824917875e-05
53, 3.45799999195151e-05
54, 3.1961499644239666e-05
55, 3.245549987695995e-05
56, 3.176475001964718e-05
57, 3.2777999876998365e-05
58, 3.853125008390634e-05
59, 3.2822249977471074e-05
60, 3.162474968121387e-05
61, 3.180699968652334e-05
62, 3.19055002364621e-05
63, 3.213050013073371e-05
64, 4.457275008462602e-05
65, 3.664800033220672e-05
66, 3.8635749660898e-05
67, 3.51132503055851e-05
68, 3.5365249914320884e-05
69, 5.241074995865347e-05
70, 4.984099996363511e-05
71, 4.902475029666675e-05
72, 5.51350003661355e-05
73, 4.666050017476664e-05
74, 3.8859750020492356e-05
75, 5.474249974213308e-05
76, 5.2205500196578214e-05
77, 5.5801500366214896e-05
78, 5.560925001191208e-05
79, 5.5830500059528276e-05
80, 6.0167999890836654e-05
81, 4.1114499708783114e-05
82, 5.297400002746144e-05
83, 4.167200040683383e-05
84, 6.233775002328912e-05
85, 7.583374963360257e-05
86, 7.621424992976245e-05
87, 6.424750017686165e-05
88, 5.832824990648078e-05
89, 5.196699976295349e-05
90, 4.4280250222072937e-05
91, 4.469825034902897e-05
92, 4.440649991011014e-05
93, 5.230050010140985e-05
94, 4.535524976745364e-05
95, 4.498250018514227e-05
96, 5.509074981091544e-05
97, 4.63087499156245e-05
98, 4.7377499868161976e-05
99, 5.1651250032591633e-05
100, 4.8256999889417784e-05
101, 4.768974986291141e-05
102, 4.7637000079703284e-05
103, 4.809024994756328e-05
104, 5.105150012241211e-05
105, 6.028000007063383e-05
106, 4.9191749894816894e-05
107, 4.8796749979374e-05
108, 4.934024991598562e-05
109, 6.305324995992123e-05
110, 5.009474989492446e-05
111, 5.0021999868476996e-05
112, 5.083625001134351e-05
113, 5.086500004836125e-05
114, 5.105125001136912e-05
115, 5.159874990567914e-05
116, 5.1758249810518464e-05
117, 5.223800008025137e-05
118, 5.510875007530558e-05
119, 5.271474992696312e-05
120, 5.30744996467547e-05
121, 5.313200017553754e-05
122, 5.3751749874209054e-05
123, 5.41042500117328e-05
124, 5.426799998531351e-05
125, 6.151474963189685e-05
126, 5.671674989571329e-05
127, 5.603025010714191e-05
128, 5.6025250160018913e-05
129, 5.6079750265780604e-05
130, 5.6520250382163795e-05
131, 5.9333749959478155e-05
132, 7.547824998255237e-05
133, 6.139974993857322e-05
134, 6.25030002083804e-05
135, 6.468900028266944e-05
136, 6.049224975868128e-05
137, 5.957000030321069e-05
138, 5.9960249927826226e-05
139, 5.9655999848473584e-05
140, 6.032024975866079e-05
141, 6.0594500155275455e-05
142, 6.485974972747499e-05
143, 6.116775011832942e-05
144, 6.1293500039028e-05
145, 6.167399988044053e-05
146, 6.487175005531753e-05
147, 6.713850007145084e-05
148, 8.721624999452615e-05
149, 7.267399996635504e-05
150, 6.44104998173134e-05
151, 6.642749985985574e-05
152, 6.426275012927363e-05
153, 6.706500016662176e-05
154, 7.369550030489336e-05
155, 8.306674999403185e-05
156, 7.91739998931007e-05
157, 7.601200013596099e-05
158, 7.574875007776427e-05
159, 6.875449980725534e-05
160, 6.741574998159194e-05
161, 6.712899994454347e-05
162, 7.310799992410466e-05
163, 7.164250018831808e-05
164, 7.04267499713751e-05
165, 6.618700035687652e-05
166, 6.663799968009698e-05
167, 6.698749984934693e-05
168, 6.704125007672701e-05
169, 6.72259998282243e-05
170, 6.751425007678336e-05
171, 6.793574993935181e-05
172, 7.632425013071042e-05
173, 7.305150029424112e-05
174, 7.300525021491922e-05
175, 6.893425006637699e-05
176, 6.94394998390635e-05
177, 6.982325021454017e-05
178, 7.035725002424442e-05
179, 8.49792500048352e-05
180, 7.135049963835627e-05
181, 7.098874993971549e-05
182, 7.135550004022662e-05
183, 7.138225009839516e-05
184, 7.194774980234797e-05
185, 7.231825020426186e-05
186, 8.980550001069787e-05
187, 7.15265000508225e-05
188, 7.104550013536937e-05
189, 7.131874963306473e-05
190, 7.820924975021626e-05
191, 7.232374991872348e-05
192, 7.243524987643468e-05
193, 7.266049988174927e-05
194, 7.502050038965535e-05
195, 8.105125016300008e-05
196, 8.126649981932133e-05
197, 7.42850002097839e-05
198, 8.230825005739462e-05
199, 7.604550000905874e-05
200, 7.509150009354926e-05
201, 7.521999987147865e-05
202, 7.534775022577378e-05
203, 7.567324973933864e-05
204, 7.625150010426296e-05
205, 7.957800016811234e-05
206, 7.877175039538997e-05
207, 7.805474979249993e-05
208, 7.827499985069153e-05
209, 8.313275020555011e-05
210, 7.907400004114606e-05
211, 7.969224998305435e-05
212, 8.420525000474299e-05
213, 7.980500004123314e-05
214, 8.32020000416378e-05
215, 9.873074986899155e-05
216, 9.167925009023747e-05
217, 8.868350005286629e-05
218, 8.369099987248774e-05
219, 8.200399997804197e-05
220, 8.233825019487995e-05
221, 8.267799967143219e-05
222, 8.313650005220552e-05
223, 8.296875012092642e-05
224, 8.323649990416015e-05
225, 8.347624998350511e-05
226, 8.40342499941471e-05
227, 8.097300042209099e-05
228, 8.457449985144194e-05
229, 9.291525020671543e-05
230, 8.488699995723437e-05
231, 8.547400011593709e-05
232, 8.934699962992454e-05
233, 9.474349963056738e-05
234, 0.00011182725029357243
235, 8.662849995744182e-05
236, 0.00010649024989106692
237, 0.00010944425002890057
238, 0.00011688724998748512
239, 0.00011329750032018637
240, 0.00010842350002349121
241, 9.305249977842323e-05
242, 0.000149393499668804
243, 0.00011914349988728645
244, 0.00010842250003406662
245, 0.00011079499972765916
246, 0.00011570249989745207
247, 0.00013215199987826054
248, 0.00010082874996442115
249, 0.00012798975012628944
250, 0.00011679550016197027
251, 9.162974993159878e-05
252, 0.0001021852499434317
253, 0.00013354650036490057
254, 9.366624999529449e-05
255, 9.386425017510192e-05
256, 9.436974960408406e-05
257, 9.525174982627505e-05
258, 0.00011283974981779465
259, 9.568150017003063e-05
260, 0.0001082045000657672
261, 9.549474998493679e-05
262, 9.567999995852006e-05
263, 9.651099981056177e-05
264, 0.0001385284999741998
265, 0.0001000052502604376
266, 0.00012481025032684556
267, 0.00011005224996551988
268, 0.0001081532500393223
269, 0.00011023074966942659
270, 9.716249996927218e-05
271, 9.733349997986807e-05
272, 0.00011097075002908241
273, 9.877850015982403e-05
274, 9.873749968392076e-05
275, 0.00011166500007675495
276, 9.542799989503692e-05
277, 0.00010378524984844262
278, 0.00010347650004405295
279, 0.00010026750032920972
280, 0.0001359595003123104
281, 0.00012432050016286667
282, 0.00010532925034567597
283, 0.00010440425012347987
284, 0.00010351049968448933
285, 9.99105000119016e-05
286, 0.00010002875023928937
287, 0.00010032699992734706
288, 0.0001098317497962853
289, 0.00011434599991844152
290, 0.00010064025036626845
291, 0.00010878099965339061
292, 0.00010247475029245834
293, 0.00010126750021299813
294, 0.00010162200032937108
295, 0.00011356699997122632
296, 0.00012443774994608248
297, 0.00016150375040524523
298, 0.0001238600002579915
299, 0.0001091337503567047
300, 0.0001071174997377966
301, 0.00011259775010330486
302, 0.00012665700023717363
303, 0.00011302024995529791
304, 0.000119703250220482
305, 0.00011193650016139145
306, 0.0001093675000447547
307, 0.00010517900000195368
308, 0.00012296949989831774
309, 0.00010977225019814796
310, 0.0001429507501597982
311, 0.00011985350010945695
312, 0.00011514149991853628
313, 0.00010760024997580331
314, 0.00011645374979707412
315, 0.00013841574991602101
316, 0.0001130117502725625
317, 0.00013557849979406456
318, 0.00011531475001902436
319, 0.00011256025027250871
320, 0.00011250399984419346
321, 0.00011280499984422931
322, 0.00011280650005573989
323, 0.00011962925009356695
324, 0.0001441824997527874
325, 0.00013139200018486008
326, 0.00011875175005116034
327, 0.00012234600035299081
328, 0.0001400077503603825
329, 0.00013744699981543818
330, 0.00011770850005632383
331, 0.0001222129999405297
332, 0.00011645474978649872
333, 0.00011704874987117364
334, 0.00013335799985725316
335, 0.00011772925017794478
336, 0.00011776149995057494
337, 0.00011802075005107326
338, 0.00015757949995531817
339, 0.0001204270001835539
340, 0.0001226682497872389
341, 0.0001378742499582586
342, 0.00012289174992474727
343, 0.0001401190002070507
344, 0.00013671875012732926
345, 0.00011895050010934938
346, 0.0001186115000564314
347, 0.0001178365000669146
348, 0.00012173325012554415
349, 0.00014772700023968355
350, 0.00016065675026766257
351, 0.00016627425020487863
352, 0.0001385850000588107
353, 0.00012912674992549
354, 0.00012056949981342768
355, 0.0001391260002492345
356, 0.00012086000015187892
357, 0.0001314450000791112
358, 0.00013085000000501168
359, 0.00012181000010969001
360, 0.00014357674990606029
361, 0.0001270759998988069
362, 0.00012297850025788648
363, 0.00012322049997237627
364, 0.0001282087496292661
365, 0.00016069049979705596
366, 0.00012406050018398673
367, 0.0001310597499468713
368, 0.00014513625001200126
369, 0.00016035474982345477
370, 0.00012833124992539524
371, 0.00012787725017915363
372, 0.00014607825005441555
373, 0.00012958500019522035
374, 0.00012933175003126962
375, 0.00016023750004023896
376, 0.00013435724986265996
377, 0.00016368449996662093
378, 0.00016408074998253142
379, 0.0001279310004065337
380, 0.00013098150020596222
381, 0.0001309505000790523
382, 0.0001607774997864908
383, 0.00017562699986228836
384, 0.00013833525008521974
385, 0.00013624749999507912
386, 0.0001384812499054533
387, 0.00013148300013199332
388, 0.00013165624977773405
389, 0.00013571125009548268
390, 0.00018168800033890875
391, 0.0001355004997094511
392, 0.00013166474991521682
393, 0.00014055049996386515
394, 0.00016406250006184564
395, 0.00013335150015336694
396, 0.00013307924973560148
397, 0.00018120950016964343
398, 0.00014999575023466605
399, 0.00015518299960604054
400, 0.00044709550002153264
401, 0.0001841957496253599
402, 0.00014676799992230372
403, 0.00015019049988040933
404, 0.00013517249999495107
405, 0.0001358274998892739
406, 0.00015880725004535634
407, 0.00013738799998463946
408, 0.00014990025010774843
409, 0.00014673899977424298
410, 0.0001368630000797566
411, 0.00014979799971115426
412, 0.0001630772503631306
413, 0.00014236625020203064
414, 0.00014993700006016297
415, 0.00014181799997459166
416, 0.00014225850009097485
417, 0.0001425045002179104
418, 0.00017909600001075887
419, 0.00014036550010132487
420, 0.00014000849978401675
421, 0.00016638499982946087
422, 0.00015920150008241762
423, 0.00015067599997564685
424, 0.00014174475018080557
425, 0.00015188374982244568
426, 0.0001421219999429013
427, 0.00015621874990756623
428, 0.0001898202499432955
429, 0.00014922475020284764
430, 0.00015734125008748379
431, 0.00014828550001766416
432, 0.00014791200010222383
433, 0.0001486510000177077
434, 0.00015014149994385662
435, 0.0001583302500876016
436, 0.00015890224995018798
437, 0.00014862399984849617
438, 0.0001483705000282498
439, 0.00014885175005474593
440, 0.0001528027501080942
441, 0.00017557000001033884
442, 0.00015412799984915182
443, 0.00015007524962129537
444, 0.00015045374993860605
445, 0.00015100400014489423
446, 0.00016684799993527122
447, 0.0001616847503100871
448, 0.0001722942497508484
449, 0.00018821225012288778
450, 0.00016275524967568344
451, 0.00016901100025279447
452, 0.0001670192500569101
453, 0.00015476349972232128
454, 0.0002033662499343336
455, 0.00021759675018984126
456, 0.00021257225034787552
457, 0.00019161799991707085
458, 0.00019178024967914098
459, 0.00020394774992382736
460, 0.0002016425000874733
461, 0.00020192424972265144
462, 0.0001575987503201759
463, 0.00015618325005561928
464, 0.00016547074983463972
465, 0.00017895974997372832
466, 0.00016290424991893815
467, 0.00015796175011928426
468, 0.00015807650015631225
469, 0.0001579365002726263
470, 0.00018464249978933367
471, 0.00017655975034358562
472, 0.00019884899984390358
473, 0.000185005999810528
474, 0.00016317849986080546
475, 0.00016248000019913889
476, 0.00016628674984531244
477, 0.0001971319998119725
478, 0.00016560550011490704
479, 0.0001616009999452217
480, 0.00016189874986594077
481, 0.0001727580001897877
482, 0.00017644624995227787
483, 0.00016216999983953428
484, 0.000166174000241881
485, 0.0001696847498351417
486, 0.00016352549982912024
487, 0.0001935442496687756
488, 0.00016496900025231298
489, 0.00016478999987157295
490, 0.00019435824970059912
491, 0.0001707185001578182
492, 0.00016682899968145648
493, 0.0001669670000410406
494, 0.00020861324992438313
495, 0.0001706620000732073
496, 0.00017744249998941086
497, 0.00019797274990196456
498, 0.00019101124962617178
499, 0.00018579149991637678
500, 0.0001754287500261853
501, 0.00019119774970022263
502, 0.00018369674990026397
503, 0.00017883774989968515
504, 0.00016630199979772442
505, 0.00016637950011499925
506, 0.0001665859999775421
507, 0.00022076725008446374
508, 0.00018952224991153344
509, 0.00017150399980891962
510, 0.00017243699994651251
511, 0.00018824749986379175
512, 0.00018405674973109853
513, 0.00022230550030144514
514, 0.0001893077501335938
515, 0.00019287624991193297
516, 0.0001730032499835943
517, 0.00023687375005465583
518, 0.00017977300012717023
519, 0.0002005647497753671
520, 0.00018061650007439312
521, 0.00018799575036609895
522, 0.00017546799972478766
523, 0.00017569974988873582
524, 0.00020808599992960808
525, 0.0001843820000431151
526, 0.00019648750003398163
527, 0.00020947450002495316
528, 0.00017662449999988894
529, 0.00020845125027335598
530, 0.00018266074994244264
531, 0.0001799822498469439
532, 0.00017412650004189345
533, 0.00017764400035957806
534, 0.00022468099996331148
535, 0.00021985699959259364
536, 0.00021008125031585223
537, 0.00018206050026492449
538, 0.00017713624993120902
539, 0.00021740249985668925
540, 0.00018440475014358526
541, 0.00019183949962098268
542, 0.0001980400002139504
543, 0.00018762025001706206
544, 0.00019081975005974527
545, 0.00018213600014860276
546, 0.00021400500008894596
547, 0.00019955199968535453
548, 0.00019214074973206152
549, 0.00018239449991597212
550, 0.00018287599959876388
551, 0.00018693675019676448
552, 0.00019263749982201261
553, 0.00021220374992481084
554, 0.000181703749603912
555, 0.00020522624981822446
556, 0.0002148264998140803
557, 0.00019464975002847495
558, 0.0002039195001088956
559, 0.00018617225032357965
560, 0.00018647724982656655
561, 0.00021175050005695084
562, 0.00020476850022532744
563, 0.00021241825015749782
564, 0.00019825150002361625
565, 0.00022182224984135246
566, 0.00018558725014372612
567, 0.0002025329999923997
568, 0.00019062674982706085
569, 0.00021297449984558625
570, 0.00019788875033555087
571, 0.00019082175003859447
572, 0.0002353785002924269
573, 0.0002164160000575066
574, 0.00021422825011541136
575, 0.0002147022501048923
576, 0.00018956424992211396
577, 0.00018896774963650387
578, 0.00021585524973488646
579, 0.00021090474956508842
580, 0.0001904265000121086
581, 0.00019056100018133293
582, 0.00021757249987786054
583, 0.00020677675001934404
584, 0.00021101524998812238
585, 0.00022459649972006446
586, 0.00022110025020083413
587, 0.00019662125032482436
588, 0.00020103775023017079
589, 0.00022236974973566248
590, 0.0002738520001912548
591, 0.00022842199996375712
592, 0.00020919150028930744
593, 0.0001936677504090767
594, 0.00021344525021049776
595, 0.00019383574999665143
596, 0.00019443249993855716
597, 0.00019483000005493523
598, 0.00021293274994604872
599, 0.00021699599983548978
600, 0.0002231670000583108
601, 0.00019889250006599468
602, 0.0002095634999932372
603, 0.00021355675016820896
604, 0.0002012677500715654
605, 0.00020664400017267326
606, 0.00024880925002435106
607, 0.0002887067503252183
608, 0.00026317575020584627
609, 0.00023120300011214567
610, 0.0002064515001620748
611, 0.00019913000005544745
612, 0.0001991970002563903
613, 0.00020745750043715816
614, 0.0002201872498517332
615, 0.00019986699999208213
616, 0.00020980474982934538
617, 0.0002207994998570939
618, 0.00021203500000410713
619, 0.0002185735002058209
620, 0.00021392174994616653
621, 0.00020299874995544087
622, 0.00023633299997527502
623, 0.0002037119998021808
624, 0.00021533375002036337
625, 0.0002319824998266995
626, 0.00022486775014840532
627, 0.00020790650023627677
628, 0.0002273640002385946
629, 0.00021995399993102183
630, 0.00022018300023773918
631, 0.00020837024976572138
632, 0.0002120582498719159
633, 0.00021021524980824324
634, 0.000261700249666319
635, 0.00027155999987371615
636, 0.00021334924986149417
637, 0.000228836999667692
638, 0.00021139125010449789
639, 0.00023739850030324305
640, 0.00027504524996402324
641, 0.00022596674989472376
642, 0.00025668824991953443
643, 0.00021716899982493487
644, 0.0002153219998035638
645, 0.000222740749904915
646, 0.0002123132503584202
647, 0.00021287424988258863
648, 0.00022089849971962394
649, 0.0002444655001454521
650, 0.00021991775020069326
651, 0.00022773349974158918
652, 0.00021594150030068704
653, 0.00022594399979425361
654, 0.00021200675018917536
655, 0.00021197875003053923
656, 0.00021228974992482108
657, 0.00025778174995139125
658, 0.0002264842501062958
659, 0.0002590592503111111
660, 0.000250294249781291
661, 0.00025222625026799506
662, 0.000248062749960809
663, 0.0002725802501117869
664, 0.00030298374986159615
665, 0.0002379980001023796
666, 0.00024619249961688183
667, 0.00023667950017625117
668, 0.0002470082499712589
669, 0.00027660799969453365
670, 0.00024423274999207933
671, 0.0002451097502671473
672, 0.00024365000035686535
673, 0.0002217157502855116
674, 0.00024920150008256314
675, 0.00023460474994863034
676, 0.0002295439999215887
677, 0.00022724575001120684
678, 0.00023274024988495512
679, 0.00024047324995990493
680, 0.00023140599978432874
681, 0.00022626274994763662
682, 0.0002468235002197616
683, 0.00022950025004320196
684, 0.00022111424959803117
685, 0.00024403375027759466
686, 0.00022209074995771516
687, 0.00024578474994996213
688, 0.00022325874988382566
689, 0.00023392125012833276
690, 0.00024467299999741954
691, 0.0002587302501524391
692, 0.0002586220002740447
693, 0.00023536549997515976
694, 0.00023839199957365054
695, 0.0002286867502334644
696, 0.00023961724991750089
697, 0.0002744127500591276
698, 0.00025082849970203824
699, 0.00027509649999046815
700, 0.00029328175014597946
701, 0.00029252075000840705
702, 0.00025712999968163786
703, 0.0002646304997142579
704, 0.00023183024995887536
705, 0.0002825165001922869
706, 0.00025159649976558285
707, 0.00023212725000121281
708, 0.00023165350012277486
709, 0.00023183475013865973
710, 0.00025331174992970773
711, 0.00025099524964389275
712, 0.00024714125038372003
713, 0.00026591874984660535
714, 0.0002504517501620285
715, 0.00023400874988510623
716, 0.00026627575016391347
717, 0.00028958175016668974
718, 0.0003001999998559768
719, 0.0002663944997038925
720, 0.0002883387501242396
721, 0.00026601100034895353
722, 0.0002584562503216148
723, 0.00024842499988153577
724, 0.00023760524982208153
725, 0.00027337949995853705
726, 0.00023831499993320904
727, 0.0002733522501330299
728, 0.00024366524985452997
729, 0.00024535524971724954
730, 0.0002645955000843969
731, 0.0002775487500912277
732, 0.00023705249986960553
733, 0.00025070649962799507
734, 0.00024682074990778347
735, 0.00026343524996264023
736, 0.00025087374979193555
737, 0.00025197500008289353
738, 0.00024118574992826325
739, 0.0002461619997120579
740, 0.00024499424989699037
741, 0.00025040800028364174
742, 0.00026594325026962906
743, 0.0002503434998288867
744, 0.00027541775034478633
745, 0.0002409785001873388
746, 0.00024046075031947112
747, 0.00026119150015802006
748, 0.0002623370000947034
749, 0.0002559107501838298
750, 0.0002717990000746795
751, 0.00030731899960301234
752, 0.0003357445002620807
753, 0.0002646130001267011
754, 0.0002590379999674042
755, 0.00024349800014533685
756, 0.00032315275029759505
757, 0.0002816355004142679
758, 0.00029849600014131283
759, 0.00024752275021455716
760, 0.0002573004999248951
761, 0.0003008885000781447
762, 0.00025399299966011313
763, 0.0003000177498506673
764, 0.0002664039998307999
765, 0.0003121962499790243
766, 0.0003125797497887106
767, 0.0002812535003613448
768, 0.0002502904999346356
769, 0.00031963524997991044
770, 0.00028203250030856
771, 0.0002618604999042873
772, 0.000266312250005285
773, 0.00025835100041149417
774, 0.00025168950014631264
775, 0.0002517789998819353
776, 0.0002651227496244246
777, 0.0002770645000964578
778, 0.0002785222495731432
779, 0.0002533832498556876
780, 0.00026291950007362175
781, 0.0002694927497941535
782, 0.0002632374998938758
783, 0.00026604375034366967
784, 0.000290672999653907
785, 0.0003025897503903252
786, 0.0002818892498908099
787, 0.00026000374964496586
788, 0.0002558115002102568
789, 0.00028245149997019325
790, 0.000267762000021321
791, 0.0002613214996927127
792, 0.0002895034999710333
793, 0.00028095400011807214
794, 0.0003029222502846096
795, 0.0002959037501568673
796, 0.0002643767502377159
797, 0.0003121384997939458
798, 0.00028704275018753833
799, 0.00026362925018474925
800, 0.0002592662503957399
801, 0.00029568474974439596
802, 0.0002736645001277793
803, 0.0002680237503227545
804, 0.00026131225013159565
805, 0.00031056699981490965
806, 0.00027309850020174053
807, 0.0002721872501751932
808, 0.0002832004997799231
809, 0.0002591877500890405
810, 0.0002595517503323208
811, 0.00030209350006771274
812, 0.0002753365001808561
813, 0.0002957470001092588
814, 0.00027284774978397763
815, 0.0003302309996797703
816, 0.00027791825004896964
817, 0.0002734737499849871
818, 0.0003022524997504661
819, 0.0002835667501130956
820, 0.0002695309999580786
821, 0.0003093595000791538
822, 0.0003268729997216724
823, 0.00028904200007673353
824, 0.00028283575011300854
825, 0.00029275949964358006
826, 0.00031147700019573676
827, 0.0002814300000864023
828, 0.0003157657502015354
829, 0.0002708437500587024
830, 0.0003255015003560402
831, 0.0003036154998881102
832, 0.0003203227502126538
833, 0.000289771749976353
834, 0.0002987817501889367
835, 0.00033899399977599387
836, 0.0003061232496293087
837, 0.0002951514998130733
838, 0.00030684200010000495
839, 0.00027507575032359455
840, 0.00027293299990560627
841, 0.00028061425018677255
842, 0.00027862249999088817
843, 0.00028177725016576005
844, 0.00030152525005178177
845, 0.00032322900005965494
846, 0.00027121450011691195
847, 0.00027087675016446155
848, 0.0003019612499883806
849, 0.0003204867498425301
850, 0.00028111775009165285
851, 0.00029091624992361176
852, 0.0002780559998427634
853, 0.00027563999992707977
854, 0.00028647775025092415
855, 0.0002763152501756849
856, 0.0003173800000695337
857, 0.00030764174971409375
858, 0.0002810114997373603
859, 0.00033690949976517004
860, 0.00028836825003963895
861, 0.000328397999965091
862, 0.0003857829997286899
863, 0.0003044150003006507
864, 0.00031132925005294965
865, 0.0002911550000135321
866, 0.0002951500000563101
867, 0.0002787067501230922
868, 0.00027746175010179286
869, 0.0003225640002710861
870, 0.00030251350017351797
871, 0.00027880075003849925
872, 0.00029136900002413313
873, 0.00027913150006497744
874, 0.0003199362499799463
875, 0.000298876749639021
876, 0.0003585704998840811
877, 0.0003408230004424695
878, 0.0002923747501881735
879, 0.00028603100008695037
880, 0.00030359274978764006
881, 0.0003242634998059657
882, 0.0002868030001081934
883, 0.00031514825013800873
884, 0.0003001929999300046
885, 0.00031883700012258487
886, 0.0002963629999612749
887, 0.00028609025002879207
888, 0.0003438994999669376
889, 0.0003113997499895049
890, 0.0002933887499239063
891, 0.0002932259999397502
892, 0.0002970524997181201
893, 0.00030038249997232924
894, 0.00028847000021414715
895, 0.00030683975001011277
896, 0.0003077855003539298
897, 0.00032301574992743554
898, 0.0003146632502648572
899, 0.00029706924988204264
900, 0.00029667474973393837
901, 0.0003125120001641335
902, 0.00032603475028736284
903, 0.00030265674968177336
904, 0.00036726625012306613
905, 0.0002973057498820708
906, 0.0003073762500207522
907, 0.0003106342501268955
908, 0.0003631499998846266
909, 0.000323636500070279
910, 0.0002949320000880107
911, 0.00031985799978428986
912, 0.00030445875017903745
913, 0.00031229925025400007
914, 0.0003389485000298009
915, 0.00031021425002109027
916, 0.00030361925018951297
917, 0.00032579025037193787
918, 0.0003272437497798819
919, 0.0003147919996990822
920, 0.0003437432496866677
921, 0.0003399220004212111
922, 0.00030739849989913637
923, 0.00032317049999619485
924, 0.0003006675001415715
925, 0.0003245267498641624
926, 0.00032804674992803484
927, 0.00029976175028423313
928, 0.00030529625018971274
929, 0.00033010449988069013
930, 0.0003038287500203296
931, 0.00029993099997227546
932, 0.00033052424987545237
933, 0.0003421992496441817
934, 0.0003280192499914847
935, 0.00031869099984760396
936, 0.00029799625008308794
937, 0.00031011049986773287
938, 0.0003311022501293337
939, 0.00037322675007089856
940, 0.0003117377500529983
941, 0.0003094829999099602
942, 0.0003125357497992809
943, 0.0003005190001204028
944, 0.0003282190000390983
945, 0.0003346325001984951
946, 0.0003517922500577697
947, 0.0003692145000968594
948, 0.0003192142498846806
949, 0.00035542775003705174
950, 0.0003354637501615798
951, 0.000365036749826686
952, 0.0003178315000695875
953, 0.0003136337500109221
954, 0.00031890824993752176
955, 0.00031723975007480476
956, 0.0003354994996698224
957, 0.0003473265001048276
958, 0.00030806824997853255
959, 0.0003112552499260346
960, 0.00032974800024021533
961, 0.00035928850002164836
962, 0.00035149899986208766
963, 0.0003395347498553747
964, 0.0003107335001004685
965, 0.00032071375017039827
966, 0.00034956150011566933
967, 0.0003271057503297925
968, 0.00037624524975399254
969, 0.0003122162502222636
970, 0.000326206499721593
971, 0.00032833950035637827
972, 0.0003377897501195548
973, 0.0003464315000201168
974, 0.0003405570000722946
975, 0.000383381250230741
976, 0.00032790325030873646
977, 0.00032147374986379873
978, 0.0003199504999429337
979, 0.0003581224996196397
980, 0.0003783627498705755
981, 0.00034354149966020486
982, 0.00031572049965689075
983, 0.00031780175004314515
984, 0.000325952500134008
985, 0.0003348922496115847
986, 0.0003459182503320335
987, 0.0003387295000720769
988, 0.000347538999903918
989, 0.0003944549998777802
990, 0.0003604935000112164
991, 0.0003710317500917881
992, 0.0003228257496630249
993, 0.00031569974999001715
994, 0.0003469892499197158
995, 0.0003210390000276675
996, 0.00032634874969517114
997, 0.0003458042501733871
998, 0.00036847425008090795
999, 0.0003413310000723868
1000, 0.0003535069999998086
1001, 0.000351713000327436
1002, 0.0003665065000859613
1003, 0.0003351039999870409
1004, 0.0003263844996581611
1005, 0.00033313525000266964
1006, 0.00032621724994896795
1007, 0.00035933375011154567
1008, 0.00041284400003860355
1009, 0.0003346202497596096
1010, 0.0003348577502038097
1011, 0.0003370687500137137
1012, 0.00035132599987264257
1013, 0.00035148650022165384
1014, 0.0003660655002022395
1015, 0.00034400950016788556
1016, 0.0003233490001548489
1017, 0.00032594100002825144
1018, 0.0003693142502925184
1019, 0.0003487664998829132
1020, 0.0003267847500865173
1021, 0.0003859395001200028
1022, 0.0003661132500383246
1023, 0.00034044449967041146
1024, 0.0003338212500239024
1025, 0.0003437122500145051
1026, 0.000378290249955171
1027, 0.0003711520002980251
1028, 0.00036181949963065563
1029, 0.000328193999848736
1030, 0.0003746930001398141
1031, 0.0003630715000326745
1032, 0.0003537365000738646
1033, 0.00038121374973343336
1034, 0.0003473362498880306
1035, 0.0003387480001038057
1036, 0.0003483804998722917
1037, 0.0003625827498581202
1038, 0.000343693999639072
1039, 0.000339674750193808
1040, 0.0003592912503336265
1041, 0.0003877670001202205
1042, 0.0003978147501584317
1043, 0.00037809325021953555
1044, 0.00033700450012474903
1045, 0.00034845124991988996
1046, 0.00037593275010294747
1047, 0.0003694490001180384
1048, 0.0003558182502274576
1049, 0.00033244050018765847
1050, 0.0003661212499537214
1051, 0.0003863097499561263
1052, 0.0003749397496903839
1053, 0.0003733057501449366
1054, 0.0003831560002254264
1055, 0.00037810100002388936
1056, 0.00034964324959219084
1057, 0.0003571742499843822
1058, 0.00036099150020163506
1059, 0.00036962300009690807
1060, 0.00036284974976297235
1061, 0.00036233750006431364
1062, 0.0003631820000009611
1063, 0.00038713374988219584
1064, 0.00035998299972561654
1065, 0.0003696764997584978
1066, 0.0003604242501751287
1067, 0.0003412862502045755
1068, 0.0003956727500735724
1069, 0.0003416724998714926
1070, 0.00034701300000961055
1071, 0.0003568852498574415
1072, 0.0003693917501550459
1073, 0.0003617347501858603
1074, 0.00034995924988834304
1075, 0.0003920969998034707
1076, 0.00036700649980048183
1077, 0.0011208367500330496
1078, 0.0003763887502827856
1079, 0.00036094925008001155
1080, 0.0003560435002327722
1081, 0.00041517274985380936
1082, 0.00039310000011028023
1083, 0.00039581649980391376
1084, 0.0003549500002009154
1085, 0.0003609697500905895
1086, 0.00035530774994185776
1087, 0.000366142749953724
1088, 0.00037648800025635865
1089, 0.0004408647500895313
1090, 0.00036189999991620425
1091, 0.00040145100001609535
1092, 0.00037051549998068367
1093, 0.0003981965001003118
1094, 0.00035043249999944237
1095, 0.0003721497500919213
1096, 0.0004242744998919079
1097, 0.0003735462501026632
1098, 0.0003848545002256287
1099, 0.00036394475000633975
1100, 0.00037225524965833756
1101, 0.00036553525023919065
1102, 0.00036366275026011863
1103, 0.0003993770001216035
1104, 0.00038098849972811877
1105, 0.0003708367498802545
1106, 0.0003752000002350542
1107, 0.00039699674971416243
1108, 0.0003791389999605599
1109, 0.00037788674990224536
1110, 0.00036621775007006363
1111, 0.0003515270000207238
1112, 0.0003744280002138112
1113, 0.0004713527500825876
1114, 0.0003724964999491931
1115, 0.00040477250013282173
1116, 0.0003568022502804524
1117, 0.0003781297500609071
1118, 0.0004188590000921977
1119, 0.00039205199982461636
1120, 0.00035847199978888966
1121, 0.00039560074992550653
1122, 0.0004077839998899435
1123, 0.0003946717502003594
1124, 0.0003980564997618785
1125, 0.0003963217500313476
1126, 0.00038055074992371374
1127, 0.000417693249801232
1128, 0.00039165625003079185
1129, 0.00037018725015514065
1130, 0.0004607900000337395
1131, 0.0003907057498508948
1132, 0.0003869439997288282
1133, 0.00039221025008373545
1134, 0.0003630102501119836
1135, 0.00037970675020915223
1136, 0.0003809144996012037
1137, 0.00039161299991974374
1138, 0.00040235149981526774
1139, 0.00036531575005938066
1140, 0.00037130200007595704
1141, 0.000363473250217794
1142, 0.0003869967499667837
1143, 0.00043646250014717225
1144, 0.0003751302501768805
1145, 0.00037108324977452867
1146, 0.00040053524980976363
1147, 0.0003953902501052653
1148, 0.00043714674984585145
1149, 0.0004264184999556164
1150, 0.0004369305002001056
1151, 0.00037660725001842366
1152, 0.00044873300021208706
1153, 0.0003783594997912587
1154, 0.0004247775000294496
1155, 0.00039324550016317517
1156, 0.0003820179999820539
1157, 0.00043289149971315055
1158, 0.0003935045001526305
1159, 0.0004464467501748004
1160, 0.0004166402500231925
1161, 0.0003844684997602599
1162, 0.0004291750001357286
1163, 0.0004390695003166911
1164, 0.00038567325009353226
1165, 0.0004179014999863284
1166, 0.00040298600015375996
1167, 0.00043133024973940337
1168, 0.00040321599999515456
1169, 0.0003956974996981444
1170, 0.0003923535000467382
1171, 0.00039199999991978984
1172, 0.0003893607499776408
1173, 0.0003834034996543778
1174, 0.0003928207497665426
1175, 0.0003859702501358697
1176, 0.0003844902503260528
1177, 0.00040749250001681503
1178, 0.0003775062500608328
1179, 0.0003880409999510448
1180, 0.00039724674979879637
1181, 0.0004034757498629915
1182, 0.00040042875025392277
1183, 0.0004461952498786559
1184, 0.0003955570000471198
1185, 0.00038402549989768886
1186, 0.0004168412501712737
1187, 0.000461734000055003
1188, 0.0004060742498950276
1189, 0.00042103124997083796
1190, 0.0004016582497570198
1191, 0.00041737975016076234
1192, 0.0004102885000065726
1193, 0.0004455852499631874
1194, 0.0004299844999877678
1195, 0.000407273500059091
1196, 0.00047786749973965925
1197, 0.00044874600007460685
1198, 0.0004811215003428515
1199, 0.0004041282500111265
1200, 0.00041858375016090577
1201, 0.00038236099999267026
1202, 0.00039536475014756434
1203, 0.00041700899964780547
1204, 0.0003977709998252976
1205, 0.0004149705000600079
1206, 0.0004078972501702083
1207, 0.00040961599961519823
1208, 0.0003813767502833798
1209, 0.00038509124988195254
1210, 0.0004362422496342333
1211, 0.00043347774999347166
1212, 0.0004124605002289172
1213, 0.00043950325016339775
1214, 0.0004560022503028449
1215, 0.0005168827501620399
1216, 0.0004533227497631742
1217, 0.00047622199963370804
1218, 0.0004365169997981866
1219, 0.00042381200000818353
1220, 0.0004189369997220638
1221, 0.0004253752499607799
1222, 0.00042405474960105494
1223, 0.0004744082498291391
1224, 0.00041812424979070784
1225, 0.0004146995001974574
1226, 0.0004107135000595008
1227, 0.0004029197498311987
1228, 0.00045882950007580803
1229, 0.00039642225010538823
1230, 0.000391235249935562
1231, 0.00047032475004016305
1232, 0.0004173714996795752
1233, 0.0004286942498765711
1234, 0.0004357894999884593
1235, 0.0004372202502054279
1236, 0.0004175070002929715
1237, 0.000434931750078249
1238, 0.0004193742497591302
1239, 0.0004040630001327372
1240, 0.0004004740003438201
1241, 0.0004408812496876635
1242, 0.00042317950010328786
1243, 0.0004386935002003156
1244, 0.0004165969999121444
1245, 0.0003929212498405832
1246, 0.0004264787498868827
1247, 0.0004621090001819539
1248, 0.000451453499863419
1249, 0.0004786835002050793
1250, 0.0004918292497677612
1251, 0.00041872724978020415
1252, 0.00041201349995390046
1253, 0.0004085612499693525
1254, 0.00041969724998125457
1255, 0.0004175334997853497
1256, 0.00045394874996418366
1257, 0.0004172965000179829
1258, 0.00041022550021807547
1259, 0.00042629849986042245
1260, 0.00044050275027984753
1261, 0.0004161277502134908
1262, 0.0004123922499275068
1263, 0.0004243759999553731
1264, 0.0004515472501225304
1265, 0.0004290930000934168
1266, 0.0004139220000070054
1267, 0.0004275009996490553
1268, 0.00045239600012791925
1269, 0.0005083067499072058
1270, 0.0004486557500058552
1271, 0.0004127769998376607
1272, 0.000401865000185353
1273, 0.0004899752502751653
1274, 0.0004125102495891042
1275, 0.0004443005000211997
1276, 0.0004037159997096751
1277, 0.00046274150008684956
1278, 0.00047408699992956826
1279, 0.00047374750010931166
1280, 0.00042717824999272125
1281, 0.00042354249990239623
1282, 0.0004393127501316485
1283, 0.0004156857503403444
1284, 0.0005125402499288612
1285, 0.00042412100037836353
1286, 0.00044222799988347106
1287, 0.0004454477502804366
1288, 0.0004617212503035262
1289, 0.0004206094999972265
1290, 0.00042801424979188596
1291, 0.0004467000003387511
1292, 0.0004217860000608198
1293, 0.0004147079998801928
1294, 0.00041844374982247245
1295, 0.00042434950000824756
1296, 0.0004556877502182033
1297, 0.00048432025005240575
1298, 0.0004390022500047053
1299, 0.00046591699992859503
1300, 0.0004907842499051185
1301, 0.0005186334997233644
1302, 0.0004282562499611231
1303, 0.00041889599970090785
1304, 0.00048752325028544874
1305, 0.0004307502499614202
1306, 0.0004466245000003255
1307, 0.0004217155001242645
1308, 0.0004439387503225589
1309, 0.00048133749987755436
1310, 0.0004934337503073039
1311, 0.0004670917501243821
1312, 0.00045935700018162606
1313, 0.00046435000012934324
1314, 0.0004523142501966504
1315, 0.0004944699999214208
1316, 0.0004715234999821405
1317, 0.0004788227502103837
1318, 0.00046036599997023586
1319, 0.00045579449988508713
1320, 0.00045031049967292347
1321, 0.00044310900011623744
1322, 0.00046633525016659405
1323, 0.00045468100006473833
1324, 0.0004582172496157
1325, 0.00042076349973285687
1326, 0.0005014052499063837
1327, 0.000439488999745663
1328, 0.0004404934998092358
1329, 0.0004905352498099091
1330, 0.0004953614998157718
1331, 0.00044050950009477674
1332, 0.00046497174980686395
1333, 0.0004268595002940856
1334, 0.0005067130000497855
1335, 0.00046329725000759936
1336, 0.00043449524991956423
1337, 0.0004949875001329929
1338, 0.000495708250127791
1339, 0.0004912712497571192
1340, 0.00045900699979029014
1341, 0.000479326250115264
1342, 0.0004445102499630593
1343, 0.00047027549999256735
1344, 0.0004597822503455973
1345, 0.0004518227501648653
1346, 0.0004367809997347649
1347, 0.0004618352500074252
1348, 0.0004436587496456923
1349, 0.0004726722499981406
1350, 0.00044219274968781974
1351, 0.00044460424987846636
1352, 0.00046096075038803974
1353, 0.0004288152499611897
1354, 0.0004731075000563578
1355, 0.0004294537502573803
1356, 0.00045643200019185315
1357, 0.00046520699970642454
1358, 0.00047354824982903665
1359, 0.0005237589998614567
1360, 0.00047058425025170436
1361, 0.0004829877498195856
1362, 0.0004921547501908208
1363, 0.0004282659997443261
1364, 0.00047592274995622574
1365, 0.00047730474989293725
1366, 0.00046016324995434843
1367, 0.0004666382501454791
1368, 0.00045832024989067577
1369, 0.0004891702501481632
1370, 0.000529975500285218
1371, 0.0004993465004190512
1372, 0.0004572700004246144
1373, 0.00045854900008635013
1374, 0.00047192750025715213
1375, 0.0004461600001377519
1376, 0.0005171617499399872
1377, 0.00045854149993829196
1378, 0.0004812850002053892
1379, 0.0004632132499864383
1380, 0.0004371037498458463
1381, 0.00044527299996843794
1382, 0.00047569600019414793
1383, 0.0004371232498669997
1384, 0.0004471207498681906
1385, 0.0004502635001699673
1386, 0.00047582574961779756
1387, 0.000487394750052772
1388, 0.00046546324983864906
1389, 0.0004812464999304211
1390, 0.000484829500237538
1391, 0.00045472749980035587
1392, 0.0004830030002267449
1393, 0.00045150750020184205
1394, 0.0005102842496853555
1395, 0.0004568487502183416
1396, 0.00045478950005417573
1397, 0.0004686232500716869
1398, 0.00046652349965370377
1399, 0.0005244837502687005
1400, 0.0004883735000476008
1401, 0.0004906550002488075
1402, 0.0005195367498345149
1403, 0.0004890337500000896
1404, 0.0004508325000642799
1405, 0.0004520094998952118
1406, 0.00045240425015435903
1407, 0.0005457464999381045
1408, 0.0004765425001096446
1409, 0.00047590975009370595
1410, 0.00046592099988629343
1411, 0.0005370497501644422
1412, 0.0004482790000110981
1413, 0.0004827644997931202
1414, 0.0004932325000481796
1415, 0.00047635900000386755
1416, 0.0004793635002897645
1417, 0.0004746105000776879
1418, 0.0004752177501359256
1419, 0.000556228749701404
1420, 0.0004888417497568298
1421, 0.000461813250240084
1422, 0.0005128150000928144
1423, 0.0004762387497976306
1424, 0.0005416024996520719
1425, 0.0004533947503659874
1426, 0.0004867247503170802
1427, 0.0004982929999641783
1428, 0.0005507157502506743
1429, 0.00047799424964978243
1430, 0.00048681650014259503
1431, 0.0004978810002285172
1432, 0.000516617500124994
1433, 0.000466366000182461
1434, 0.0004916504999528115
1435, 0.0005289964997245988
1436, 0.0005001555000490043
1437, 0.00048737799988884944
1438, 0.0004700882500401349
1439, 0.0004662675000872696
1440, 0.0005241412500254228
1441, 0.0004667022499234008
1442, 0.0004858027500631579
1443, 0.0004699399996752618
1444, 0.0005127545000505052
1445, 0.0005151049999767565
1446, 0.0005180754997127224
1447, 0.0005823007500111999
1448, 0.0005392607499743463
1449, 0.0005000909995942493
1450, 0.00048348850032198243
1451, 0.0004962847497154144
1452, 0.0005551939998440503
1453, 0.00048432799985675956
1454, 0.0005044397498750186
1455, 0.0005048142497798835
1456, 0.0005320594996192085
1457, 0.000538811000296846
1458, 0.0004919455000162998
1459, 0.0005039344996475847
1460, 0.0005195110002205183
1461, 0.00048309075009456137
1462, 0.0004725304997919011
1463, 0.0005101480001030723
1464, 0.0004792560002897517
1465, 0.00048674725030650734
1466, 0.0004885677499260055
1467, 0.0004822422502002155
1468, 0.0005393344999902183
1469, 0.0004942294999636943
1470, 0.0004877665001004061
1471, 0.0004911940000056347
1472, 0.0005366477498682798
1473, 0.0005020297498958826
1474, 0.0005083902497062809
1475, 0.0004991519999748562
1476, 0.00047878075019980315
1477, 0.0005336917502063443
1478, 0.0004828785004065139
1479, 0.00048551875033808756
1480, 0.0004990722500224365
1481, 0.0005081699996480893
1482, 0.0005090767499495996
1483, 0.0004945435002809973
1484, 0.0004855580000366899
1485, 0.0005416235003394831
1486, 0.00047457575010412256
1487, 0.0004985094997209671
1488, 0.0005310769997777243
1489, 0.0004820780000045488
1490, 0.001044670499595668
1491, 0.0005243787500148755
1492, 0.0005483047502821137
1493, 0.0004831434998777695
1494, 0.0005213067502154445
1495, 0.0005028622499594348
1496, 0.0004735500001515902
1497, 0.000479076500141673
1498, 0.0004960442497576878
1499, 0.0004899969999314635
1500, 0.0005125932498231123
1501, 0.000563710250389704
1502, 0.0005387827500271669
1503, 0.0004986489998373145
1504, 0.0005184842502785614
1505, 0.0005090855001981254
1506, 0.0005315577500368818
1507, 0.0004853905002164538
1508, 0.0005391052500272053
1509, 0.0005267204996926012
1510, 0.0005785839998679876
1511, 0.0005217217503741267
1512, 0.0004888272501375468
1513, 0.0005257060001895297
1514, 0.0005461037499117083
1515, 0.0005408944998634979
1516, 0.0005081059998701676
1517, 0.0005030944998907216
1518, 0.0005624817499665369
1519, 0.00047728775007271906
1520, 0.0004964652498529176
1521, 0.0004773832501996367
1522, 0.0005721920001633407
1523, 0.0004937264998261526
1524, 0.0005048165003245231
1525, 0.0005162265001672495
1526, 0.0005284349999783444
1527, 0.0005607850002888881
1528, 0.0005094747498333163
1529, 0.0005782795001323393
1530, 0.0005083102496428182
1531, 0.000555253499896935
1532, 0.0005224080000516551
1533, 0.0005229234998296306
1534, 0.0004949027497787029
1535, 0.0005080480000287935
1536, 0.0005782320004072972
1537, 0.0005730299999413546
1538, 0.0005248962502264476
1539, 0.0005511835001925647
1540, 0.0005028462496738939
1541, 0.0005619587500405032
1542, 0.0005140042499078845
1543, 0.0004968077500961954
1544, 0.0004977537500963081
1545, 0.0005303435000314494
1546, 0.0005166517503312207
1547, 0.0005509932498171111
1548, 0.0005458125001496228
1549, 0.000587981499847956
1550, 0.0005881914999008586
1551, 0.0005891719997634937
1552, 0.0005886792500859883
1553, 0.0005907935001232545
1554, 0.00058665699998528
1555, 0.0005842400000801717
1556, 0.0005934487498961971
1557, 0.0005824787499477679
1558, 0.0005821602499054279
1559, 0.0005876290001651796
1560, 0.0005907980003030389
1561, 0.0006229944997357961
1562, 0.0006025169996064506
1563, 0.0005113930001243716
1564, 0.0005471207500704622
1565, 0.000587741749768611
1566, 0.0005896007501178246
1567, 0.0005894125001759676
1568, 0.0006133297497399326
1569, 0.0005711680000786146
1570, 0.0005469777497637551
1571, 0.0005626357497021672
1572, 0.0005329464997885225
1573, 0.0005549464999603515
1574, 0.0005220699999881617
1575, 0.0004972824999640579
1576, 0.0005595187499238818
1577, 0.000552259999949456
1578, 0.000523753750258038
1579, 0.000540603749868751
1580, 0.0006326864995571668
1581, 0.0005260827501842869
1582, 0.0005121750000398606
1583, 0.0006181582502904348
1584, 0.0005327347498678137
1585, 0.0005148469999767258
1586, 0.0005912315000387025
1587, 0.0006102230004216835
1588, 0.0005968340001345496
1589, 0.0006055542498870636
1590, 0.0005992057499497605
1591, 0.000606201250320737
1592, 0.0005974662499284022
1593, 0.0006004697497701272
1594, 0.0006024814997545036
1595, 0.0006024264998814033
1596, 0.0005940072501289251
1597, 0.0006234560000848433
1598, 0.0006316015001175401
1599, 0.0006055492499399406
1600, 0.0006057127498024784
1601, 0.0006072735000088869
1602, 0.0006070730000828917
1603, 0.0005923014996369602
1604, 0.0005937784999332507
1605, 0.0005994187499709369
1606, 0.0006313595004030503
1607, 0.0005728970004383882
1608, 0.0005311882500791398
1609, 0.000593918750382727
1610, 0.0005563404997701582
1611, 0.0005972490002932318
1612, 0.0005276259998936439
1613, 0.0005704584996237827
1614, 0.0005423872503342864
1615, 0.0005211855000197829
1616, 0.0005142745003468008
1617, 0.0005927955003244278
1618, 0.0005612022500827152
1619, 0.000542831250186282
1620, 0.0005349425000531483
1621, 0.0005255952501102001
1622, 0.0006037192501935351
1623, 0.0005925847499383963
1624, 0.0006145994998405513
1625, 0.0005807432498841081
1626, 0.0005500215002030018
1627, 0.000554435750018456
1628, 0.0005252702499092265
1629, 0.0005753059999733523
1630, 0.0005390072501540999
1631, 0.0005408112497207185
1632, 0.0005627370001093368
1633, 0.0006203319999258383
1634, 0.0005462604999593168
1635, 0.0005340062502909859
1636, 0.0005707314999199298
1637, 0.0005353204996936256
1638, 0.0005983030000606959
1639, 0.0006285977501647722
1640, 0.0005972262501927617
1641, 0.0005392382499849191
1642, 0.0005493400003615534
1643, 0.0005955385004199343
1644, 0.0005457942497741897
1645, 0.0005331419997673947
1646, 0.0005492022501130123
1647, 0.0006419669998649624
1648, 0.0005871905000276456
1649, 0.0005490994999490795
1650, 0.0005978547501399589
1651, 0.0006219697497726884
1652, 0.0005477130002873309
1653, 0.0005469464999805496
1654, 0.00059050624986412
1655, 0.000542631749794964
1656, 0.0005675140000676038
1657, 0.0005651562501043372
1658, 0.0005433102501228859
1659, 0.0005607637499451812
1660, 0.0005507110004145943
1661, 0.0006010404999869934
1662, 0.0006057614996279881
1663, 0.0005745897501583386
1664, 0.0005593159999079944
1665, 0.0006067385002097581
1666, 0.0005632549996335001
1667, 0.0005351027502911165
1668, 0.0005820359997414926
1669, 0.0006109742503213056
1670, 0.0005560512499869219
1671, 0.0006430050002563803
1672, 0.0005979232496429177
1673, 0.0005287562498779153
1674, 0.0005698089998986688
1675, 0.0006100434998188575
1676, 0.0006540547501572291
1677, 0.0005369452501327032
1678, 0.0005900514997847495
1679, 0.0005577607498707948
1680, 0.000546371749805985
1681, 0.0005671449998772005
1682, 0.0005402477499956149
1683, 0.0005455712498587673
1684, 0.0005859352500010573
1685, 0.000560313500045595
1686, 0.0005490654998538957
1687, 0.0005785962503068731
1688, 0.0006342292499539326
1689, 0.0006138014996395214
1690, 0.0005484045000230253
1691, 0.0005607737502941745
1692, 0.000636519500403665
1693, 0.0005616254998130898
1694, 0.0005349957500584424
1695, 0.0006177615000524384
1696, 0.000583548249778687
1697, 0.0005865287498636462
1698, 0.000635313750080968
1699, 0.0005637337499138084
1700, 0.0005677530002685671
1701, 0.0005513182500180847
1702, 0.0005614794999928563
1703, 0.0006052377498235728
1704, 0.000536838249900029
1705, 0.0005580512497544987
1706, 0.0005595477500719426
1707, 0.0005515845000445552
1708, 0.0005973897500552994
1709, 0.0005715902498195646
1710, 0.0005809617496197461
1711, 0.000571510749978188
1712, 0.000625501999820699
1713, 0.0006316484996204963
1714, 0.000556089250039804
1715, 0.0005890052502763865
1716, 0.0006029670003044885
1717, 0.0005733590001000266
1718, 0.0005790767500002403
1719, 0.0006559917501363088
1720, 0.0006340639997688413
1721, 0.0006472487498285773
1722, 0.000555676750082057
1723, 0.0006012284998178075
1724, 0.0005748922499151377
1725, 0.0005528172500817163
1726, 0.0006207487504070741
1727, 0.0005795209999632789
1728, 0.0005815280001115752
1729, 0.0005691272499461775
1730, 0.0005778392501269991
1731, 0.0005547575001401128
1732, 0.0005563767499552341
1733, 0.0006223200002750673
1734, 0.0005607455000244954
1735, 0.0006238424998628034
1736, 0.000567073000183882
1737, 0.000582463499995356
1738, 0.0006070527501833567
1739, 0.0005564712496379798
1740, 0.0006451485000980028
1741, 0.0005906687501919805
1742, 0.0005595592501776991
1743, 0.0006174449999889475
1744, 0.0006314194997685263
1745, 0.0006002482496114681
1746, 0.000584540250201826
1747, 0.0006327437499749067
1748, 0.0005503524998857756
1749, 0.0005856775001120695
1750, 0.0005910990003030747
1751, 0.0006063075002202822
1752, 0.0005793192503915634
1753, 0.00057789575021161
1754, 0.0006286707498475153
1755, 0.0005799787500109232
1756, 0.0005636887499349541
1757, 0.0006151234997560096
1758, 0.000601908000135154
1759, 0.0006311067500064382
1760, 0.0006410089999917545
1761, 0.0006101832495915005
1762, 0.0005736545003856008
1763, 0.0005782982498203637
1764, 0.0005855475001226296
1765, 0.0005627322498185094
1766, 0.0005679612499989162
1767, 0.0006230385001799732
1768, 0.0006435522500396473
1769, 0.0005860037499587634
1770, 0.0005824895001751429
1771, 0.0006528342501042061
1772, 0.0005641534999085707
1773, 0.0005801310003334947
1774, 0.0006272215000535653
1775, 0.0005787747500107798
1776, 0.0005684719999408117
1777, 0.0006143712498669629
1778, 0.0005831982502968458
1779, 0.0005890454999644135
1780, 0.0005832220003867405
1781, 0.0006111757497819781
1782, 0.0006432329996641784
1783, 0.000602789250024216
1784, 0.0006637172500632005
1785, 0.0005777482501798659
1786, 0.0005634710000776977
1787, 0.0006648152502748417
1788, 0.0006349737500386254
1789, 0.0005992762498863158
1790, 0.0006680339997728879
1791, 0.0006529269999191456
1792, 0.0005721537499994156
1793, 0.0005972192498120421
1794, 0.0006280904999584891
1795, 0.0006452597499446711
1796, 0.0005958947499493661
1797, 0.0006437682500290975
1798, 0.0005874047496945423
1799, 0.0006191722500261676
1800, 0.0006056999995962542
1801, 0.0005767047500739864
1802, 0.0006142327501947875
1803, 0.0005861284998900373
1804, 0.0006147065000732255
1805, 0.0006780432499908784
1806, 0.000608443250257551
1807, 0.0006026185001246631
1808, 0.0006642947496402485
1809, 0.0006227849999049795
1810, 0.0006067392500881397
1811, 0.0005902339999011019
1812, 0.0006466095001087524
1813, 0.0006288219997259148
1814, 0.0013116875002197048
1815, 0.0006299560000115889
1816, 0.0006196807498781709
1817, 0.0006111347502155695
1818, 0.0006237777497517527
1819, 0.0006170014999042905
1820, 0.0006617644999096228
1821, 0.0005939247498645273
1822, 0.0006106885002736817
1823, 0.0006336169999485719
1824, 0.0005829147498843668
1825, 0.0006446357497225108
1826, 0.0005963117500868975
1827, 0.0006178867502057983
1828, 0.0006286555003498506
1829, 0.0005912384999646747
1830, 0.0006251049999264069
1831, 0.0006545637497765711
1832, 0.0006119229997239017
1833, 0.0006336494998322451
1834, 0.0006189895002535195
1835, 0.0006704300003548269
1836, 0.0006495054999504646
1837, 0.0005866497499482648
1838, 0.0006540439999298542
1839, 0.0006267990002015722
1840, 0.0005970137499389239
1841, 0.0006250699998417986
1842, 0.0006353799999487819
1843, 0.0006668250002803688
1844, 0.0006053154997971433
1845, 0.0006496047499240376
1846, 0.0006191857501107734
1847, 0.0006000427501930972
1848, 0.0006132479998086637
1849, 0.0006342159999803698
1850, 0.0005890710003768618
1851, 0.000648528749934485
1852, 0.0006141714998193493
1853, 0.0006112732498877449
1854, 0.000644488500256557
1855, 0.0006116257500252686
1856, 0.0006072129999665776
1857, 0.0006439564999709546
1858, 0.0006429219997698965
1859, 0.0006258402499952354
1860, 0.0006313737499112904
1861, 0.0006602144999305892
1862, 0.0006223872496775584
1863, 0.0006165962499835587
1864, 0.0007171224997364334
1865, 0.0006627819998357154
1866, 0.0006105512497924792
1867, 0.0006047757501619344
1868, 0.0006419557503249962
1869, 0.000603231999775744
1870, 0.0006137640002634726
1871, 0.0006581427501259896
1872, 0.0006366110001181369
1873, 0.0006427470002563496
1874, 0.000610634250278963
1875, 0.0006186714999785181
1876, 0.0006578597499355965
1877, 0.0006117525003901392
1878, 0.0005975720000606088
1879, 0.0006652649999523419
1880, 0.0007085034999363415
1881, 0.0006451237500186835
1882, 0.0006181572498462629
1883, 0.0006268152501434088
1884, 0.0006480050001300697
1885, 0.0006125670001893013
1886, 0.0006790809998165059
1887, 0.0007360234999396198
1888, 0.0006488677499874029
1889, 0.0006542524997712462
1890, 0.0006883650003146613
1891, 0.0007516717500948289
1892, 0.0006524694999825442
1893, 0.0006212027501533157
1894, 0.0006050507499821833
1895, 0.0006541847496919218
1896, 0.0006358855002872588
1897, 0.0006368815002133488
1898, 0.0006471259998761525
1899, 0.0006180307500471827
1900, 0.0006181782500789268
1901, 0.000661661999856733
1902, 0.0006587050002053729
1903, 0.0006472199997915595
1904, 0.0006572209999831102
1905, 0.0006525095000142755
1906, 0.0006198267496984045
1907, 0.00066376475024299
1908, 0.0007088255001690413
1909, 0.0006954249997761508
1910, 0.0006393204998857982
1911, 0.0007007495000834751
1912, 0.0006010979996062815
1913, 0.0006549687500410073
1914, 0.000626148749688582
1915, 0.0006831907503510593
1916, 0.0006600847500521922
1917, 0.0006186557498040202
1918, 0.0006134577502052707
1919, 0.000635249999959342
1920, 0.0006226460000107181
1921, 0.0006353640001179883
1922, 0.0006339599999591883
1923, 0.0007044912499623024
1924, 0.0006557177498507372
1925, 0.000612427500072954
1926, 0.0006751827500011132
1927, 0.0006494335002571461
1928, 0.0006325334998109611
1929, 0.0006819682498644397
1930, 0.0007283982499757258
1931, 0.0006532957499985059
1932, 0.0006538992502100882
1933, 0.0006678825002381927
1934, 0.0006855619999441842
1935, 0.0006567294999513251
1936, 0.0006272119999266579
1937, 0.000657423250231659
1938, 0.0006677014998786035
1939, 0.0006293197498052905
1940, 0.0006305832498583186
1941, 0.0006875827502881293
1942, 0.0006294147501648695
1943, 0.0006231004999790457
1944, 0.000723529500191944
1945, 0.0006949274998078181
1946, 0.0006294332501965982
1947, 0.0006843430001026718
1948, 0.0006899804998283798
1949, 0.0006237957500161428
1950, 0.0006286134998845228
1951, 0.0006877857499603124
1952, 0.0006622975001846498
1953, 0.0006539700002576865
1954, 0.0007140335001167841
1955, 0.0006409687498489802
1956, 0.0006136392498774512
1957, 0.0006906392500241054
1958, 0.0006420252498173795
1959, 0.000640992249827832
1960, 0.0007094889997460996
1961, 0.0006397419997483667
1962, 0.0006712757499371946
1963, 0.0007091000002219516
1964, 0.0006234562497411389
1965, 0.0006401727496267995
1966, 0.0007525089999944612
1967, 0.0006691610001325898
1968, 0.0006529967499773193
1969, 0.0006924217500454688
1970, 0.0006607065001844603
1971, 0.0006301670000539161
1972, 0.0007048857496556593
1973, 0.0007035242501842731
1974, 0.0006600390001949563
1975, 0.0006810212498749024
1976, 0.0006709147501169355
1977, 0.0006980967500567203
1978, 0.0006790967499910039
1979, 0.000663012499899196
1980, 0.0006865385003038682
1981, 0.0006948254999770143
1982, 0.0006351780002660234
1983, 0.0006330962496576831
1984, 0.000698660249781824
1985, 0.0007476642499568698
1986, 0.0006558302502526203
1987, 0.0006712882500323758
1988, 0.0006991720001678914
1989, 0.0006392860000232758
1990, 0.0006714739997732977
1991, 0.0006777322496418492
1992, 0.000656562250242132
1993, 0.0006954552500246791
1994, 0.0006677752498944756
1995, 0.0006905902500875527
1996, 0.0006518197501463874
1997, 0.0007104090000211727
1998, 0.0006513547500617278
1999, 0.0006567730001734162
