1, 5.688799865311011e-06
2, 6.3873998442431915e-06
3, 5.919999966863543e-06
4, 6.176800161483697e-06
5, 6.49719986540731e-06
6, 7.591599933221005e-06
7, 8.072200216702186e-06
8, 9.609199696569704e-06
9, 9.989600221160799e-06
10, 1.1485800132504665e-05
11, 1.2633399819605984e-05
12, 1.3454199870466254e-05
13, 1.4227399879018776e-05
14, 1.42834000143921e-05
15, 1.6616599896224216e-05
16, 1.9478200192679652e-05
17, 1.7941799887921662e-05
18, 1.8990399985341357e-05
19, 2.0646399934776128e-05
20, 4.197340022074059e-05
21, 3.288059997430537e-05
22, 3.8530999881913884e-05
23, 3.7986999814165756e-05
24, 2.5476399969193153e-05
25, 2.7205799779039807e-05
26, 2.7582400070969017e-05
27, 3.0395800058613533e-05
28, 3.152360004605725e-05
29, 3.154639998683706e-05
30, 3.289560008852277e-05
31, 3.398199987714179e-05
32, 3.747320006368682e-05
33, 3.6651000118581575e-05
34, 3.6045000160811466e-05
35, 3.971799997088965e-05
36, 4.232920000504237e-05
37, 4.148499974689912e-05
38, 4.640520019165706e-05
39, 4.4904199967277236e-05
40, 5.5575200167368163e-05
41, 7.121039998310152e-05
42, 5.221959982009139e-05
43, 8.22195997898234e-05
44, 8.500859985360876e-05
45, 7.114599975466263e-05
46, 8.903080015443265e-05
47, 7.361959978879895e-05
48, 9.912419991451316e-05
49, 7.491979995393195e-05
50, 6.468160026997793e-05
51, 9.836919998633676e-05
52, 7.22333999874536e-05
53, 9.007400003611111e-05
54, 6.865559989819304e-05
55, 6.742559999111109e-05
56, 6.57778000459075e-05
57, 6.971920010983013e-05
58, 7.120720001694281e-05
59, 7.516740006394685e-05
60, 7.082819975039456e-05
61, 8.665960012876894e-05
62, 0.00014954279977246187
63, 8.040279972192366e-05
64, 8.448299995507113e-05
65, 0.0001161998003226472
66, 8.261139992100652e-05
67, 8.800620016700123e-05
68, 9.156720007013064e-05
69, 8.378379970963579e-05
70, 8.305219998874235e-05
71, 9.14544001716422e-05
72, 0.00010717139994085301
73, 9.226420006598346e-05
74, 9.800599982554559e-05
75, 0.0001337974001216935
76, 9.492460012552328e-05
77, 8.756259994697757e-05
78, 0.00010212199995294214
79, 0.0001746927999192849
80, 9.607739993953147e-05
81, 9.909959990181961e-05
82, 0.0001036331999785034
83, 9.689340004115365e-05
84, 0.00011161920010636095
85, 0.00010104180000780616
86, 0.00016698660001566168
87, 0.00031202680002024864
88, 0.00030827539994788823
89, 0.00011715480031853076
90, 0.00012058079992129933
91, 0.00011557379984878935
92, 0.00011598119999689516
93, 0.00011454579980636481
94, 0.00011695559987856541
95, 0.0001156398000603076
96, 0.00011395459987397771
97, 0.00012958160004927777
98, 0.00012251900006958748
99, 0.00014464339983533137
100, 0.0003504741998767713
101, 0.0003879608000715962
102, 0.00014842179989500438
103, 0.00019142999990435784
104, 0.0001848993997555226
105, 0.000195567800255958
106, 0.00014416420017369092
107, 0.00016049959995143582
108, 0.0001489775997470133
109, 0.00015699980031058658
110, 0.0001373628001601901
111, 0.0001550053999380907
112, 0.00016575480003666598
113, 0.00014612359991588163
114, 0.00016433879973192233
115, 0.0001513979997980641
116, 0.0001672556001722114
117, 0.0001683782000327483
118, 0.00016037160021369344
119, 0.00014884600022924133
120, 0.000154090399882989
121, 0.0001825459999963641
122, 0.00017737579983077013
123, 0.00025427439977647736
124, 0.00026634779969754164
125, 0.00021331520001695027
126, 0.00016987839990179054
127, 0.00017457840003771708
128, 0.0001660292000451591
129, 0.00016923639996093697
130, 0.00019654800016724038
131, 0.00021366019973356742
132, 0.0001667145999817876
133, 0.00017494239982625005
134, 0.0001803541999834124
135, 0.000195877399892197
136, 0.0001825593997637043
137, 0.00017693959998723585
138, 0.0001792563998606056
139, 0.00019152799977746328
140, 0.00020262819998606574
141, 0.0002958340002805926
142, 0.0001936307999130804
143, 0.00020115240004088265
144, 0.00021479780007211958
145, 0.00024083779971988405
146, 0.00019363300016266293
147, 0.00020256360003259032
148, 0.0002137790001143003
149, 0.00022172500030137599
150, 0.00021735759983130266
151, 0.0002295381997100776
152, 0.00021721019984397572
153, 0.00019449480023467914
154, 0.00021394039977167266
155, 0.00020526699991023633
156, 0.00023427980013366324
157, 0.00024417519998678474
158, 0.0003086526001425227
159, 0.00029404660017462447
160, 0.00022358960013661998
161, 0.00024131300015142187
162, 0.00023450059998140205
163, 0.00026708279983722605
164, 0.00028196399980515705
165, 0.000219052999818814
166, 0.00023151519999373705
167, 0.00026470299999346023
168, 0.0002784077998512657
169, 0.00024239220001618378
170, 0.0002771695999399526
171, 0.0002624549997563008
172, 0.0003004360001796158
173, 0.00024601459990662987
174, 0.00025815659973886794
175, 0.0002770666000287747
176, 0.00023348940012510866
177, 0.0002453959998092614
178, 0.00025019060012709815
179, 0.00023946139990584924
180, 0.00025162499987345653
181, 0.0002562895999290049
182, 0.0003495632001431659
183, 0.00028085199992347045
184, 0.0002736917998845456
185, 0.00028583879975485615
186, 0.0002823825998348184
187, 0.00028214720005053094
188, 0.000264369799697306
189, 0.0002678393997484818
190, 0.0002603433997137472
191, 0.0002895934001571732
192, 0.0004084084001078736
193, 0.00047334119990409816
194, 0.000326944399785134
195, 0.00029500080017896835
196, 0.0002616652000142494
197, 0.00038505179982166736
198, 0.0002950603997305734
199, 0.00033171200011565815
200, 0.0003090535999945132
201, 0.0004416963998664869
202, 0.0003062023999518715
203, 0.0002700280001590727
204, 0.0003136786002869485
205, 0.0003209680002328241
206, 0.0002948688001197297
207, 0.00030208520001906436
208, 0.0003154940000968054
209, 0.00036218579989508724
210, 0.0003181399999448331
211, 0.0003639007998572197
212, 0.0004317552000429714
213, 0.00029729680027230644
214, 0.00030583660009142477
215, 0.0003156208000291372
216, 0.00030574119991797486
217, 0.0002915943998232251
218, 0.0003388866000022972
219, 0.0003082520001044031
220, 0.00043435719999251887
221, 0.0003498197998851538
222, 0.00032971340006042736
223, 0.00045758279993606265
224, 0.00037780780003231483
225, 0.0003095968000707217
226, 0.0003460808002273552
227, 0.00032721259995014405
228, 0.0003518348003126448
229, 0.0009586762000253657
230, 0.0006033191999449628
231, 0.00035844140002154744
232, 0.00035085740018985233
233, 0.00034630219997779934
234, 0.0003324257999338442
235, 0.00045311159992706963
236, 0.00036216959997545926
237, 0.0004994113998691319
238, 0.00037355160020524636
239, 0.00036301159998402
240, 0.00036890839983243494
241, 0.00033986820017162245
242, 0.0003706627998326439
243, 0.00040142180005204865
244, 0.00037448939983733
245, 0.00036254700025892814
246, 0.00039700599991192574
247, 0.00038152160013851246
248, 0.00037406400006148035
249, 0.0003951317998144077
250, 0.00037222860009933356
251, 0.0004767523998452816
252, 0.00041038179988390767
253, 0.00038399240002036096
254, 0.0004622755997843342
255, 0.00037177440026425757
256, 0.0003654102001746651
257, 0.00039400639980158303
258, 0.00045897800009697676
259, 0.00045644400015589783
260, 0.00036659440011135305
261, 0.0005141507997905137
262, 0.0004143572001339635
263, 0.000385207200088189
264, 0.00037872239990974774
265, 0.0004100699999980861
266, 0.000509432599938009
267, 0.0007481035998353036
268, 0.0006210852003277978
269, 0.00040285819995915516
270, 0.00046537320013158024
271, 0.00042213419983454513
272, 0.0009900651999487308
273, 0.0005303554000420263
274, 0.0004635299999790732
275, 0.000432788000034634
276, 0.000391375999970478
277, 0.0005458092000480974
278, 0.0005015603997890139
279, 0.00043620799988275394
280, 0.00045018540004093666
281, 0.0006066953999834368
282, 0.0004173582001385512
283, 0.00040870839984563645
284, 0.0005103399998915847
285, 0.0005061455998657038
286, 0.0005497082001966191
287, 0.0004404791998240398
288, 0.0004777837999426993
289, 0.0004636818001017673
290, 0.0005099803998746211
291, 0.0004865139999310486
292, 0.0004689030000008643
293, 0.00042984719984815454
294, 0.00045501759996113833
295, 0.0004470423999009654
296, 0.0005084849999548169
297, 0.0005709550001483876
298, 0.00045840340026188643
299, 0.0006135496001661523
300, 0.0004652248000638792
301, 0.00045076560018060264
302, 0.0004398763998324284
303, 0.0005657159999827854
304, 0.0005183868001040537
305, 0.00046939120002207344
306, 0.0005016377999709221
307, 0.0004539405999821611
308, 0.0005049736002547434
309, 0.0006217802001629025
310, 0.0004668671997933416
311, 0.0005952299998170929
312, 0.0006058705999748782
313, 0.00047936619994288777
314, 0.0004595982001774246
315, 0.0006210358002135763
316, 0.00048579320027783977
317, 0.00048453240015078336
318, 0.0005139614000654547
319, 0.000547095799993258
320, 0.0004971350001142128
321, 0.0006234077998669818
322, 0.0005167420000361745
323, 0.0005045631998655154
324, 0.0005502410000190139
325, 0.0005459934000100475
326, 0.000565170000118087
327, 0.0006075651999708498
328, 0.00048662279987183866
329, 0.0005227361998549895
330, 0.0005221037998126121
331, 0.0005657787998643471
332, 0.0005786440000520088
333, 0.0005876446000911528
334, 0.0007314358001167421
335, 0.0005207861999224406
336, 0.0005672555998899043
337, 0.00051701860029425
338, 0.0006431827998312656
339, 0.0005846910000400385
340, 0.0005435429997305618
341, 0.0005778317998192505
342, 0.0006498994000139647
343, 0.0006908555998961674
344, 0.0005720249999285442
345, 0.000730762999955914
346, 0.0006325784001091961
347, 0.0006023796002409653
348, 0.0006851657999504823
349, 0.0008321697998326272
350, 0.0006136759999208153
351, 0.0010366950002207887
352, 0.0007680597998842131
353, 0.0010688649999792688
354, 0.0010294695999618852
355, 0.0008307566000439693
356, 0.0011629021999397082
357, 0.001185401200200431
358, 0.0011797224000474672
359, 0.001202833600109443
360, 0.001099002599949017
361, 0.0011376694001228316
362, 0.0011585683998418972
363, 0.0009877262000372866
364, 0.0011510629999975208
365, 0.0011146663997351424
366, 0.0011237575999984983
367, 0.0011580557998968287
368, 0.0009582512000633869
369, 0.0008340106000105152
370, 0.0011382887998479419
371, 0.0008666313999128761
372, 0.0006276411997532705
373, 0.0006250149999686982
374, 0.0007064540001010755
375, 0.0006301704001089092
376, 0.0006702192000375362
377, 0.0005977043998427689
378, 0.0006426725998608162
379, 0.0007665540000743931
380, 0.0006206357997143641
381, 0.0006124441999418196
382, 0.0006392573999619344
383, 0.000629740400108858
384, 0.0007741582001472124
385, 0.000673133000236703
386, 0.0007774319998134161
387, 0.000604465400101617
388, 0.0008300146000692621
389, 0.0006605086000490701
390, 0.0006019634001859231
391, 0.0006592660000023897
392, 0.0006532308001624187
393, 0.0007799055998475524
394, 0.000687492599899997
395, 0.0006515820001368411
396, 0.0006935194000107003
397, 0.000875066600201535
398, 0.0008150573998136678
399, 0.0006677029999991646
400, 0.0007997560001967941
401, 0.000719436399958795
402, 0.0007160294000641443
403, 0.000649831799819367
404, 0.0006525878001411911
405, 0.0006454906000726623
406, 0.0006924326000444126
407, 0.0006899250001879409
408, 0.000918734799779486
409, 0.0007930370000394759
410, 0.000690975199904642
411, 0.000723525000285008
412, 0.0007022440000582719
413, 0.0007248535999679007
414, 0.0007810772000084399
415, 0.00069247239989636
416, 0.0006722265999997035
417, 0.0006867981999675976
418, 0.0011953902001550886
419, 0.000688357200124301
420, 0.000684503400043468
421, 0.0006957805999263655
422, 0.0007680763999815099
423, 0.0009486162001849152
424, 0.0007444610000675311
425, 0.0007760992000839905
426, 0.0012040834000799805
427, 0.001445640000019921
428, 0.0014678737999929581
429, 0.0014717759997438407
430, 0.0014405631998670287
431, 0.0013967557999421843
432, 0.0012162468003225513
433, 0.0008433342001808342
434, 0.0007682498002395732
435, 0.000793794199853437
436, 0.0007633392000570893
437, 0.0007821203998901183
438, 0.0007974251999257831
439, 0.0008009848002984654
440, 0.0007115473999874666
441, 0.0007787250000546919
442, 0.0008915785998397041
443, 0.0007716979998804163
444, 0.0008378591999644413
445, 0.0007091324001521571
446, 0.0008079938001174014
447, 0.0007974894000653876
448, 0.0008633279998321086
449, 0.000851036400126759
450, 0.0008211756001401227
451, 0.0007548763998784125
452, 0.0010698969999793917
453, 0.0008166965999407694
454, 0.0008365718000277411
455, 0.0008485697999276454
456, 0.0008257487999799196
457, 0.0008688347999850521
458, 0.0007556325999757973
459, 0.0007876103998569306
460, 0.0007696312000916805
461, 0.0010587553999357624
462, 0.0008102280000457541
463, 0.0007351727999775903
464, 0.0009110340000916039
465, 0.000982378800108563
466, 0.0010802521999721648
467, 0.0008613867998064961
468, 0.0009006688000226859
469, 0.0008198380000976613
470, 0.0007899965999968117
471, 0.0007985394000570523
472, 0.0010714383999584243
473, 0.0008079510000243318
474, 0.0009496512000623624
475, 0.0008460020002530655
476, 0.0009021393998409621
477, 0.0008613083999080117
478, 0.0012865889999375212
479, 0.0010242645999824162
480, 0.0008150937999744201
481, 0.0008891067998774815
482, 0.0008076108002569527
483, 0.000969613999768626
484, 0.0007814102002157597
485, 0.0008238845999585465
486, 0.0008867209999152692
487, 0.0009504659999947762
488, 0.0008864486000675243
489, 0.0008771714001341024
490, 0.0010201489996688907
491, 0.0008701139999175211
492, 0.00086005560006015
493, 0.0008751311997912126
494, 0.0009145960000751074
495, 0.0008885626000846969
496, 0.0008207973998651142
497, 0.0008295363997604
498, 0.0010268001999065746
499, 0.0008404898002481786
500, 0.001117595799951232
501, 0.0009309714001574321
502, 0.0008529170001565945
503, 0.000875958799952059
504, 0.0010487176001333864
505, 0.000942959199892357
506, 0.0009029195996845373
507, 0.000905605200023274
508, 0.0010208882002189057
509, 0.0010062386001663981
510, 0.0009792071999982
511, 0.0008668270002090139
512, 0.0008878108001226792
513, 0.0009533265998470597
514, 0.0009247059999324847
515, 0.0008594414000981487
516, 0.0009820695999223973
517, 0.0009104447999561671
518, 0.0009265602002415108
519, 0.0008675806002429454
520, 0.0009830850001890212
521, 0.0011190040000656153
522, 0.0008930272000725381
523, 0.0008600876000855351
524, 0.00114382560022932
525, 0.0010447567998198791
526, 0.0008766536000621272
527, 0.0014727107998623978
528, 0.0009762329998920904
529, 0.0009100179999222746
530, 0.0009525958001177059
531, 0.0008887217998562846
532, 0.0009734743998706108
533, 0.0009375927998917178
534, 0.0010410710001451662
535, 0.0009137664001173107
536, 0.001065680199826602
537, 0.0009722398001031252
538, 0.0009705791999294888
539, 0.0009215560003212886
540, 0.0010700619997805916
541, 0.0010886694002692821
542, 0.0009143210001639091
543, 0.000975766199917416
544, 0.0010372082000685624
545, 0.0010686816000088583
546, 0.0010544397999183274
547, 0.0010594647999823791
548, 0.001007341600052314
549, 0.0009944281999196391
550, 0.0010452001999510685
551, 0.0010070921998703852
552, 0.0009591453999746591
553, 0.0011132087998703354
554, 0.001123961600023904
555, 0.0011045069997635438
556, 0.001068817399936961
557, 0.001066606399763259
558, 0.0010206096001638798
559, 0.0013587524001195562
560, 0.001120127399917692
561, 0.00098893880021933
562, 0.001292981000005966
563, 0.0012334047998592724
564, 0.0011101397998572794
565, 0.001199737000206369
566, 0.001282271799937007
567, 0.002495524600089993
568, 0.001391926200085436
569, 0.0010995500000717585
570, 0.0010500005999347195
571, 0.001042130999849178
572, 0.001099890999830677
573, 0.0012189368000690593
574, 0.0011926967999897897
575, 0.0011558269998204196
576, 0.0011122355997940758
577, 0.001421508800194715
578, 0.0011817803999292665
579, 0.0021532998001930538
580, 0.001382428399665514
581, 0.0019626019999122945
582, 0.001147995599967544
583, 0.0010176402000070083
584, 0.0010522217999096029
585, 0.0009758375999808777
586, 0.0010583087998384145
587, 0.0012081266002496704
588, 0.0010069309999380493
589, 0.0010943902001599782
590, 0.0012123399999836692
591, 0.001082941799904802
592, 0.001094622000164236
593, 0.0011015989999577868
594, 0.0010280309998051962
595, 0.0010674707998987287
596, 0.0010939120002149139
597, 0.001145246799933375
598, 0.0012332812002568971
599, 0.0010467132000485436
600, 0.0010842611998668871
601, 0.0010449363999214256
602, 0.0011600073998124572
603, 0.0010730746002082015
604, 0.0013147226000000956
605, 0.0012447776000044542
606, 0.0010904435999691485
607, 0.0013143603999196784
608, 0.0010777215997222812
609, 0.001089649799905601
610, 0.0011614538001595066
611, 0.0010270139999192906
612, 0.0010483422000106656
613, 0.001072091000241926
614, 0.0012872859999333742
615, 0.0013135738001437858
616, 0.0010566794000624214
617, 0.0011989793998509412
618, 0.0011426728000515141
619, 0.0012285034001251916
620, 0.0010937448001641314
621, 0.001122554600078729
622, 0.0012050764002196957
623, 0.0013966319998871767
624, 0.0011367983999662102
625, 0.0011173587998200673
626, 0.0011074993999500293
627, 0.0012615873998583992
628, 0.001230361999841989
629, 0.0012431514001946197
630, 0.0012810584001272218
631, 0.0012191019999590936
632, 0.001139323800089187
633, 0.0012138750000303844
634, 0.0012813929999538232
635, 0.001134994799940614
636, 0.0011026153999409872
637, 0.0013159195998014184
638, 0.001144505000047502
639, 0.0012605061998328892
640, 0.001313100999686867
641, 0.0011019509998732246
642, 0.0011726616001396905
643, 0.001201859199863975
644, 0.0011312817998259562
645, 0.0012026616001094225
646, 0.00118963380009518
647, 0.001179892199797905
648, 0.00132832960007363
649, 0.001177350600119098
650, 0.0012398478000250179
651, 0.0012090989999705925
652, 0.00121947719999298
653, 0.0013266215999465202
654, 0.0013242346001788973
655, 0.001305057599893189
656, 0.001360329800081672
657, 0.0012205326002003858
658, 0.0012045666000631173
659, 0.0012906457999633859
660, 0.0015890955997747368
661, 0.0011097657999926014
662, 0.0013145215998520143
663, 0.0013217264000559225
664, 0.0013035513999057001
665, 0.0012686477999523048
666, 0.0012386066002363805
667, 0.0013617264001368312
668, 0.001291941800081986
669, 0.0012200010001834015
670, 0.0012344861999736168
671, 0.0013655454000399913
672, 0.0013215775998105528
673, 0.0014183438001055038
674, 0.0014495483999780844
675, 0.0012445108000974868
676, 0.0011931255998206326
677, 0.0013786562001769198
678, 0.0012832076001359383
679, 0.0012006085999018978
680, 0.0014804091999394587
681, 0.0011618679996900027
682, 0.0012600582002050941
683, 0.0013944168000307399
684, 0.0012638661999517353
685, 0.001481808799871942
686, 0.0012792078003258211
687, 0.001327467399823945
688, 0.0013712242001929554
689, 0.0013743934003286995
690, 0.0014869147998979315
691, 0.0013360654000280192
692, 0.0013285753997479333
693, 0.001311994999923627
694, 0.0012157485998613993
695, 0.001330417999997735
696, 0.0013154099997336743
697, 0.0013638381999044214
698, 0.0013960889998998027
699, 0.0013601390000985702
700, 0.0013788894000754226
701, 0.0012858760001108749
702, 0.0013172936000046321
703, 0.0014037904002179857
704, 0.0013576515997556272
705, 0.0012829775998397964
706, 0.0013350815999729094
707, 0.0012868089997937204
708, 0.0012988179998501437
709, 0.0014995300000009593
710, 0.001304618599897367
711, 0.0013331160000234377
712, 0.001499686399984057
713, 0.0014429726001253585
714, 0.0012954077999893343
715, 0.0014331551999930525
716, 0.0013048204000369878
717, 0.001294355600111885
718, 0.0013604528001451399
719, 0.0013119531999109314
720, 0.0013798551997751928
721, 0.0023280948000319766
722, 0.0015069126002345001
723, 0.0013596385997516336
724, 0.0013327730001037707
725, 0.001540051999836578
726, 0.0013100264000968308
727, 0.0014341548001539195
728, 0.0014497023999865632
729, 0.0015057844000693876
730, 0.001461893399755354
731, 0.0013433873999019851
732, 0.0014369357999385103
733, 0.0013583184001618065
734, 0.0015998494000086794
735, 0.0013777465999737614
736, 0.0014933946000383002
737, 0.0014186689997586655
738, 0.0013467446002323412
739, 0.0015467149998585228
740, 0.0014813400001003174
741, 0.001617142400209559
742, 0.0014990775998739991
743, 0.0015113913999812213
744, 0.0013546375997975702
745, 0.0015610048001690302
746, 0.0013964360001409658
747, 0.0018738242000836181
748, 0.0014012335999723292
749, 0.0019319701998028905
750, 0.0016002291999029695
751, 0.0016601028000877704
752, 0.0018535180002800188
753, 0.0015909988000203158
754, 0.0014976170001318677
755, 0.0015403503999550593
756, 0.0014672561999759636
757, 0.0016532726000150432
758, 0.0014467018001596444
759, 0.0014685737998661353
760, 0.0013996495999890612
761, 0.001420378799957689
762, 0.001599411200004397
763, 0.0014519959997414845
764, 0.0014975086000049488
765, 0.0014569637998647523
766, 0.0017585813999176025
767, 0.0014315164000436198
768, 0.0014299951999419136
769, 0.001446594199660467
770, 0.0021547687996644528
771, 0.0015235271999699761
772, 0.0015553330002148868
773, 0.0015146710000408347
774, 0.001462659200115013
775, 0.0013895211999624736
776, 0.0014208083997800714
777, 0.0015266477999830385
778, 0.0016663985999912257
779, 0.001506019799853675
780, 0.0014722425999934784
781, 0.0013949365998996654
782, 0.0016093533999082866
783, 0.001458720600203378
784, 0.0014482840000709985
785, 0.001702966399898287
786, 0.0014124710000032793
787, 0.00148267719996511
788, 0.0014956660001189449
789, 0.0015662445999623741
790, 0.0014976237998780562
791, 0.0016288367998640752
792, 0.0014541360000293936
793, 0.0017834912003309
794, 0.0014850936000584624
795, 0.001515385400125524
796, 0.0014397566003026441
797, 0.0015549365998595022
798, 0.0016943039998295717
799, 0.0015743067997391336
800, 0.001642093799819122
801, 0.0014518561998556833
802, 0.0016817763997096335
803, 0.0017239501998119523
804, 0.0014813194000453222
805, 0.0017146591999335214
806, 0.001561209400097141
807, 0.001639943400004995
808, 0.0014805671999056358
809, 0.001673108600152773
810, 0.0016026804001739946
811, 0.0016624492000119062
812, 0.0015943930000503314
813, 0.0016542651999770896
814, 0.001556582599732792
815, 0.001616242399904877
816, 0.0017129838000983
817, 0.0016320824001013535
818, 0.0015632687998731853
819, 0.0017115192000346723
820, 0.0016121460001158993
821, 0.0016198649998841574
822, 0.00166585680017306
823, 0.0016492693997861353
824, 0.0016754558000684483
825, 0.0015664869999454823
826, 0.0016275059999316
827, 0.0017756760000338546
828, 0.0016901619997952365
829, 0.0015674010002840078
830, 0.0015053488001285586
831, 0.001626825200219173
832, 0.00175558099981572
833, 0.0016511059999174903
834, 0.0016645745999994688
835, 0.0015115212001546752
836, 0.0016683868001564407
837, 0.0016422543998487527
838, 0.0016465627999423305
839, 0.0017499053999927127
840, 0.0015768917997775133
841, 0.0016481246002513217
842, 0.0017139113999292022
843, 0.0015911755999695743
844, 0.0016147318001458189
845, 0.0017259590000321622
846, 0.0018381883997790282
847, 0.001745727800152963
848, 0.0017486559998360462
849, 0.001567548000093666
850, 0.001859377200162271
851, 0.001622863999727997
852, 0.0016219527999055572
853, 0.0018235805997392162
854, 0.001660668000113219
855, 0.0019172890002664643
856, 0.001984323199940263
857, 0.00166274120019807
858, 0.0016074172002845445
859, 0.0017250076001801063
860, 0.001658952199795749
861, 0.0015755152002384421
862, 0.0018190303999290336
863, 0.0017455053999583469
864, 0.0018974493999849074
865, 0.001557224399948609
866, 0.0021408107997558544
867, 0.0015803275997313903
868, 0.0017549883999890882
869, 0.0016119968000566586
870, 0.0016533802001504228
871, 0.0017804055998567492
872, 0.0016839634001371451
873, 0.0017173372001707322
874, 0.00184352639989811
875, 0.0017462185998738278
876, 0.0017066129999875556
877, 0.0017568512001162162
878, 0.0018814291997841792
879, 0.0017320030001428677
880, 0.0017046125998604112
881, 0.0017607187997782602
882, 0.001804278199779219
883, 0.0016939435998210683
884, 0.0018112368001311553
885, 0.0017020988001604565
886, 0.0017989657997532049
887, 0.0017441706000681733
888, 0.0018925130003481171
889, 0.00172148620004009
890, 0.001660782000180916
891, 0.001798514999973122
892, 0.0016902153998671564
893, 0.0017251518002012745
894, 0.0017082834001485026
895, 0.0016893414001970086
896, 0.002004484799908823
897, 0.0016376666000724072
898, 0.0018000432002736489
899, 0.0018441187999997054
900, 0.0017936952001036844
901, 0.0018530719997215783
902, 0.0018786975997500122
903, 0.0018398074000288034
904, 0.0016838861996802735
905, 0.00179667039992637
906, 0.0020275178001611495
907, 0.0018491636001272127
908, 0.0020034593999298522
909, 0.0017939045999810332
910, 0.0018131394001102308
911, 0.0018246895997435786
912, 0.0017166776000522078
913, 0.0020224492000124883
914, 0.0017695802001981066
915, 0.0019222560000343946
916, 0.0019027139998797793
917, 0.0018610692000947892
918, 0.0018463462001818698
919, 0.0017718928000249434
920, 0.0018317860001843655
921, 0.0017924442003277364
922, 0.0018663033999473555
923, 0.0018728416001977167
924, 0.0019034016000659903
925, 0.0016844908001075964
926, 0.0018523716000345303
927, 0.0017582705997483572
928, 0.0019181783998647006
929, 0.0017172431998915272
930, 0.002033123799992609
931, 0.0018495524000172736
932, 0.0018347193999943556
933, 0.0019273555997642688
934, 0.0018340729999181348
935, 0.0017255337999813492
936, 0.0018589633997180498
937, 0.0018166059999202844
938, 0.0019427367999014678
939, 0.0020181569998385385
940, 0.0018913055999291827
941, 0.0019011071999557316
942, 0.0019832564001262655
943, 0.0018207429999165469
944, 0.0019208644000173081
945, 0.001711527999941609
946, 0.0019319001999974716
947, 0.0023046966001857073
948, 0.0019384142000490102
949, 0.0019201192000764423
950, 0.001907689799918444
951, 0.0020008261999464594
952, 0.0023796905999915905
953, 0.001983499999914784
954, 0.0020374307998281436
955, 0.001882101400042302
956, 0.001973656799964374
957, 0.0018916048000392038
958, 0.001974508200146374
959, 0.001897175799967954
960, 0.001943954600210418
961, 0.0019927170000300976
962, 0.0020966519998182774
963, 0.001889049799865461
964, 0.0018881127998611191
965, 0.0018728744002146414
966, 0.0019256830000813352
967, 0.001969210400056909
968, 0.0018527676002122462
969, 0.002016962000197964
970, 0.0018479623999155593
971, 0.002067404199988232
972, 0.00203541180017055
973, 0.0019698523999977626
974, 0.00208841020030377
975, 0.001950489800219657
976, 0.001903568399939104
977, 0.0019507513999997173
978, 0.0019733084001927635
979, 0.0021203696000156925
980, 0.0020416853996721327
981, 0.00211241479992168
982, 0.0020858163999946553
983, 0.0019275611997727538
984, 0.002057686999978614
985, 0.0020511605998763116
986, 0.002027074000216089
987, 0.0017882594002003316
988, 0.0022683814000629353
989, 0.0019440633997874102
990, 0.0020594106001226463
991, 0.0020779785998456647
992, 0.0022631721996731356
993, 0.0018785758002195507
994, 0.002104572199823451
995, 0.001965463599844952
996, 0.0021649653997883435
997, 0.0019997221999801694
998, 0.0021746230002463564
999, 0.0020857835999777306
1000, 0.0019274728001619224
1001, 0.0021136010000191163
1002, 0.0020680566001828994
1003, 0.00202440619978006
1004, 0.0023138943997764727
1005, 0.002046277000044938
1006, 0.00202881779987365
1007, 0.0021820930000103545
1008, 0.002004809400023078
1009, 0.0021545491999859223
1010, 0.0019511720001901267
1011, 0.0022750904001441084
1012, 0.0022831434002000607
1013, 0.0019679740002175095
1014, 0.0020089042001927735
1015, 0.0020130476001213537
1016, 0.002099757399992086
1017, 0.001948121399982483
1018, 0.002086236999821267
1019, 0.0020915007997245995
1020, 0.0020753705997776707
1021, 0.0020927210000081685
1022, 0.0021814201998495266
1023, 0.0019842937999783317
1024, 0.002215389800039702
1025, 0.0019136334001814248
1026, 0.002042669799993746
1027, 0.0019889213999704225
1028, 0.0026041855999210384
1029, 0.0025040796001121633
1030, 0.002038386600179365
1031, 0.0021977582000545226
1032, 0.0020037499998579733
1033, 0.002152738400036469
1034, 0.0020502134000707885
1035, 0.0021016006001445932
1036, 0.0020329179998952894
1037, 0.0020864419999270466
1038, 0.0021112191996508047
1039, 0.002282727600322687
1040, 0.0022533655999723125
1041, 0.001999738200174761
1042, 0.0021188528000493532
1043, 0.0020837121999647936
1044, 0.002185593399917707
1045, 0.002091199999995297
1046, 0.002002579999680165
1047, 0.002157219999935478
1048, 0.0020766425997862823
1049, 0.0020141119999607326
1050, 0.0021370881997427203
1051, 0.002014893199884682
1052, 0.0021672270002454754
1053, 0.002050267600134248
1054, 0.0028824842000176433
1055, 0.00217020460004278
1056, 0.0023200067997095177
1057, 0.00218268819990044
1058, 0.0022997395997663263
1059, 0.002187601800324046
1060, 0.0020404885999596445
1061, 0.0022862948000692994
1062, 0.0022903740002220728
1063, 0.002099892399928649
1064, 0.0021903886001382487
1065, 0.0020280153999920002
1066, 0.0021281371999066325
1067, 0.0021201708001171936
1068, 0.0023914638000860577
1069, 0.0021620085997710705
1070, 0.002128475399877061
1071, 0.0021047231999546056
1072, 0.0022225966000405605
1073, 0.0020964330000424526
1074, 0.0022499140002764763
1075, 0.0023179021998657847
1076, 0.002067810199878295
1077, 0.0021894818000873784
1078, 0.002049297600024147
1079, 0.0023594488000526328
1080, 0.0022124613999039864
1081, 0.0021314261997758877
1082, 0.002085985400117352
1083, 0.002396486599900527
1084, 0.002340160600215313
1085, 0.0021378892000939232
1086, 0.002135512399763684
1087, 0.0022178431998327143
1088, 0.002330259199879947
1089, 0.0022031802000128664
1090, 0.0023552489998110103
1091, 0.0022476801997981964
1092, 0.002181244399980642
1093, 0.002414082399991457
1094, 0.002261396200265153
1095, 0.0022329483999783406
1096, 0.0021276871997542913
1097, 0.002250669799832394
1098, 0.0024019011998461792
1099, 0.002210700600335258
1100, 0.002820660600264091
1101, 0.0022360865998052757
1102, 0.002447137799754273
1103, 0.0023582695997902193
1104, 0.0021932931998890127
1105, 0.002305149199673906
1106, 0.002331320200028131
1107, 0.0023163606001617154
1108, 0.0023772864002239657
1109, 0.0022147367999423295
1110, 0.002509537800142425
1111, 0.002429169199967873
1112, 0.002302110600066953
1113, 0.002167380599712487
1114, 0.002134297200245783
1115, 0.0024034289999690372
1116, 0.002170594400013215
1117, 0.002539589400112163
1118, 0.002187338799922145
1119, 0.002074140399781754
1120, 0.0025332656001410213
1121, 0.0022609179999562913
1122, 0.002299153999774717
1123, 0.0022299018000921933
1124, 0.0024384876000112855
1125, 0.002365806200032239
1126, 0.0023344934001215734
1127, 0.0030163991999870633
1128, 0.0022545654002897207
1129, 0.002200609799911035
1130, 0.0024969987996882994
1131, 0.0024233960000856316
1132, 0.0025683138002932536
1133, 0.002188343600209919
1134, 0.0024098507998132845
1135, 0.0025114775999099948
1136, 0.0022888783998496363
1137, 0.0026323557998694015
1138, 0.002284127399980207
1139, 0.0023112791997846214
1140, 0.0025947352001821854
1141, 0.0025241367999115027
1142, 0.0023517581998021343
1143, 0.0026138795998122077
1144, 0.0026069808001921045
1145, 0.0023786032001225977
1146, 0.0023099710000678898
1147, 0.0024951857998530614
1148, 0.0025203281998983583
1149, 0.0024076019999483833
1150, 0.002288286600014544
1151, 0.002491112999996403
1152, 0.0023071139999956357
1153, 0.0023320299998886183
1154, 0.0024301135999849066
1155, 0.0023036487997160292
1156, 0.002487891800046782
1157, 0.002240038399759214
1158, 0.002560517599704326
1159, 0.0025142953996692085
1160, 0.002457370800038916
1161, 0.002679759999955422
1162, 0.002211799200085807
1163, 0.0024845780000759985
1164, 0.002328993199989782
1165, 0.002227458400011528
1166, 0.0033259862000704745
1167, 0.002442705599969486
1168, 0.0026014759998361113
1169, 0.002427357999840751
1170, 0.0023533003997727063
1171, 0.0026802791999216424
1172, 0.002529290799793671
1173, 0.002444347400160041
1174, 0.0023623173998203128
1175, 0.0025520174000121187
1176, 0.0024204198001825717
1177, 0.0024773969998932444
1178, 0.002474247800273588
1179, 0.0024363987999095117
1180, 0.002566527599992696
1181, 0.0022774659999413418
1182, 0.0025430996000068264
1183, 0.002403220400083228
1184, 0.0025145010000414913
1185, 0.0025168283998937115
1186, 0.0029340429999137997
1187, 0.003032205600175075
1188, 0.004223979800008238
1189, 0.0023573721999127885
1190, 0.0024199907998990965
1191, 0.0023697290002019145
1192, 0.0026882126003329176
1193, 0.0024007214000448585
1194, 0.002482863199838903
1195, 0.002345165199949406
1196, 0.0023761005999404007
1197, 0.0027055647999077335
1198, 0.0026485788002901245
1199, 0.0024517236000974663
1200, 0.0023794864002411485
1201, 0.0026779459996760123
1202, 0.002380075800101622
1203, 0.0026782190001540585
1204, 0.002524427599928458
1205, 0.0026261737999448086
1206, 0.0027198579999094365
1207, 0.0024153130001650426
1208, 0.0025243479998607655
1209, 0.002694494600291364
1210, 0.0026573277998977575
1211, 0.0025333740002679407
1212, 0.002562269999907585
1213, 0.002555746799771441
1214, 0.0025118072000623213
1215, 0.002895467800044571
1216, 0.0027233826000156113
1217, 0.0024595123999461067
1218, 0.0025616464001359416
1219, 0.0023758840001391946
1220, 0.002660339199792361
1221, 0.0026835062002646738
1222, 0.0025179207998007767
1223, 0.002432200600014767
1224, 0.002578477200222551
1225, 0.002622766399872489
1226, 0.0026615099999617088
1227, 0.0028025448002154006
1228, 0.002546811000138405
1229, 0.0026571273996523815
1230, 0.0026204453999525866
1231, 0.0026280898000550224
1232, 0.002450589199725073
1233, 0.0025599032000172884
1234, 0.002658860600058688
1235, 0.0025967784000386017
1236, 0.0028570888000103876
1237, 0.00265842459994019
1238, 0.00251535640018119
1239, 0.002638074599963147
1240, 0.0028300286001467613
1241, 0.0024364984001294943
1242, 0.002437213399753091
1243, 0.0027954400000453463
1244, 0.002636124400305562
1245, 0.002475030800269451
1246, 0.0025797117999900366
1247, 0.0025848031997156794
1248, 0.0026307998003176182
1249, 0.002691653800138738
1250, 0.0026205349997326264
1251, 0.0026237755999318326
1252, 0.002668000999983633
1253, 0.0026709662000939717
1254, 0.0027067242001066914
1255, 0.0026594757997372652
1256, 0.0027569273999688447
1257, 0.002660224799910793
1258, 0.0030169731999194482
1259, 0.00265550260010059
1260, 0.002482095600134926
1261, 0.002545488400210161
1262, 0.002692011000181083
1263, 0.0025435365998419
1264, 0.00264326720025565
1265, 0.002845660199818667
1266, 0.002671762200043304
1267, 0.002514016999703017
1268, 0.0025030810000316707
1269, 0.002760546599893132
1270, 0.002608765400145785
1271, 0.002704151200305205
1272, 0.0025423921997571597
1273, 0.002802215799965779
1274, 0.002980122000008123
1275, 0.0027936882001085906
1276, 0.002616479599964805
1277, 0.0027742903999751433
1278, 0.003268161000232794
1279, 0.002795623199926922
1280, 0.0026103801999852296
1281, 0.0027528348000487313
1282, 0.002699053200194612
1283, 0.002587450200007879
1284, 0.0027616226001555334
1285, 0.002685042200027965
1286, 0.0032630877998599318
1287, 0.002856792599777691
1288, 0.002650539000023855
1289, 0.002661171400177409
1290, 0.0027120947997900657
1291, 0.0029102752003382195
1292, 0.0028460599998652468
1293, 0.002640657599840779
1294, 0.0027738368000427725
1295, 0.002642958800061024
1296, 0.0029613885999424383
1297, 0.002704426799755311
1298, 0.002977065399682033
1299, 0.003028316400013864
1300, 0.002630288599902997
1301, 0.002728496200143127
1302, 0.0029123312000592706
1303, 0.0025651484000263737
1304, 0.0027818613998533692
1305, 0.003034461000061128
1306, 0.0026989488000253915
1307, 0.0025663178003014764
1308, 0.002993183799844701
1309, 0.0028579683999851112
1310, 0.002614496200112626
1311, 0.002750950400150032
1312, 0.00306538160002674
1313, 0.002849023599992506
1314, 0.0026664475997677075
1315, 0.0027126870001666246
1316, 0.0027717894001398234
1317, 0.002674286199908238
1318, 0.0032124282002769177
1319, 0.0028928774001542477
1320, 0.0026188288000412287
1321, 0.002822832600213587
1322, 0.002864401999977417
1323, 0.0028096172001824014
1324, 0.0026406391996715685
1325, 0.0027663447999657365
1326, 0.002934100399943418
1327, 0.0026337857998441905
1328, 0.002753485400171485
1329, 0.0027135668002301826
1330, 0.0027167209998879118
1331, 0.0027820176001114305
1332, 0.0027103411997813965
1333, 0.0028528311999252765
1334, 0.0026261467999574963
1335, 0.0029259331997309344
1336, 0.0027043423997383798
1337, 0.0030300615999294678
1338, 0.002845606800110545
1339, 0.002878955799678806
1340, 0.002812365200225031
1341, 0.0026857283999561334
1342, 0.0032644917999277824
1343, 0.002912510800160817
1344, 0.002907232799771009
1345, 0.0027727935997972964
1346, 0.0027681092000420905
1347, 0.003026713199869846
1348, 0.0027438262000941903
1349, 0.0028622452002309727
1350, 0.0029172024002036777
1351, 0.0028066142000170657
1352, 0.002855562399781775
1353, 0.0027843088002555303
1354, 0.002786418400137336
1355, 0.002774018199852435
1356, 0.0029763129998173097
1357, 0.002990565399886691
1358, 0.0027575960000831403
1359, 0.0028518074002931828
1360, 0.002940748800028814
1361, 0.0029087554001307582
1362, 0.0029250791998492788
1363, 0.0027951992000453175
1364, 0.003037302199663827
1365, 0.002924743000039598
1366, 0.0029595669999253004
1367, 0.0029192393998528133
1368, 0.0030809185998805335
1369, 0.003006794799875934
1370, 0.0029588535999209853
1371, 0.0027694902000803268
1372, 0.0028746723997755907
1373, 0.0028763017999153817
1374, 0.002852343799895607
1375, 0.0029968792001454857
1376, 0.003030240600128309
1377, 0.003022697200140101
1378, 0.002873248000105377
1379, 0.0028000310001516484
1380, 0.0027737321997847175
1381, 0.002887597999870195
1382, 0.002910334799889824
1383, 0.0030533178000041517
1384, 0.002945505599927856
1385, 0.002917486000296776
1386, 0.002926705400022911
1387, 0.0031145220000325935
1388, 0.0029569322003226263
1389, 0.0030598089997511124
1390, 0.0028498306000983575
1391, 0.0031648688000132097
1392, 0.00295924140009447
1393, 0.002875225999741815
1394, 0.002969396999833407
1395, 0.003496848000213504
1396, 0.0032497929998498874
1397, 0.0031976842001313344
1398, 0.0030451825998170532
1399, 0.003152494199821376
1400, 0.0029357343999436127
1401, 0.0032015728000260426
1402, 0.003238205199886579
1403, 0.0030598764002206734
1404, 0.0030017667999345577
1405, 0.002991022000060184
1406, 0.0031253714001650223
1407, 0.0030790693999733776
1408, 0.0030671634001919303
1409, 0.002943565199893783
1410, 0.0030824464000033915
1411, 0.00290243540002848
1412, 0.0030370615997526327
1413, 0.0030627846001152646
1414, 0.003038177599955816
1415, 0.003134566000153427
1416, 0.003176098800031468
1417, 0.0028257184003450675
1418, 0.00306225460008136
1419, 0.003060000200275681
1420, 0.0030517293998855166
1421, 0.0028209060001245234
1422, 0.0032834051999088842
1423, 0.0030876442000590033
1424, 0.0030371782002475813
1425, 0.0027847167999425436
1426, 0.002974498600087827
1427, 0.003228302199931932
1428, 0.0029653011999471344
1429, 0.0030443420000665355
1430, 0.0031460419999348233
1431, 0.003180313800112344
1432, 0.0030838540002150693
1433, 0.0030318035998789126
1434, 0.0030813667999609606
1435, 0.0031704111999715677
1436, 0.003428220600108034
1437, 0.0029495631999452597
1438, 0.0030661000000691274
1439, 0.003016780400139396
1440, 0.0030360122000274714
1441, 0.002936649800176383
1442, 0.003058197599966661
1443, 0.0031235035999998217
1444, 0.0031928903998050375
1445, 0.0030570897997677093
1446, 0.0032621840000501834
1447, 0.002988859600009164
1448, 0.0038512601997354066
1449, 0.003534875199693488
1450, 0.0029665335998288354
1451, 0.0030442407998634733
1452, 0.0031104932000744156
1453, 0.0029985387998749504
1454, 0.003229636000105529
1455, 0.003233084599924041
1456, 0.0033890837999933864
1457, 0.0034806406001735013
1458, 0.0033565934001671847
1459, 0.003175803400154109
1460, 0.0029974950000905666
1461, 0.0032302116000209936
1462, 0.0036658389999502106
1463, 0.0030880660000548233
1464, 0.0031071714001882356
1465, 0.003143506799824536
1466, 0.0036968596003134737
1467, 0.0031919521999952847
1468, 0.0030004159998497926
1469, 0.003273109000292607
1470, 0.0030907399999705377
1471, 0.003251552399888169
1472, 0.0033542971999850125
1473, 0.003326783800002886
1474, 0.003414652799983742
1475, 0.0030235737998737023
1476, 0.003150982999795815
1477, 0.0032015287997637643
1478, 0.0034848557999794137
1479, 0.0033321494000119857
1480, 0.003278126599980169
1481, 0.003057489999991958
1482, 0.003302472200084594
1483, 0.0036233840000932105
1484, 0.0032970524000120347
1485, 0.003307349800161319
1486, 0.0031124580000323476
1487, 0.0031406966001668478
1488, 0.0033070069999666884
1489, 0.0032393189998401795
1490, 0.002995894400010002
1491, 0.0034784936000505696
1492, 0.0036664346000179647
1493, 0.0030858972000714856
1494, 0.0032181223999941722
1495, 0.003151149999757763
1496, 0.0038582754001254215
1497, 0.003419360800035065
1498, 0.003110230400125147
1499, 0.0031257359998562604
1500, 0.004099320800014539
1501, 0.0031917426000291015
1502, 0.0032944521997706035
1503, 0.0033507312000438105
1504, 0.003174747000230127
1505, 0.0031915608000417706
1506, 0.0032119383999088314
1507, 0.0033135917998151853
1508, 0.003246601800128701
1509, 0.003346688599776826
1510, 0.0031152057999861427
1511, 0.0035004659999685827
1512, 0.0032643594000546726
1513, 0.003123623399733333
1514, 0.0036199244001181795
1515, 0.0035432152002613294
1516, 0.0030683217999467162
1517, 0.0031888830002571923
1518, 0.003377520000140066
1519, 0.0032775912000943207
1520, 0.00319011679966934
1521, 0.0033539018000737996
1522, 0.0032524171998375095
1523, 0.0033090560002165146
1524, 0.003327016199909849
1525, 0.003120800800024881
1526, 0.0035154715998942264
1527, 0.0033199678000528365
1528, 0.0031611100002919557
1529, 0.0032098706000397216
1530, 0.003391521999947145
1531, 0.0034880205999797908
1532, 0.003344898399882368
1533, 0.003275875599865685
1534, 0.004106851799951983
1535, 0.003254084600121132
1536, 0.0032766829997854076
1537, 0.003295102400079486
1538, 0.0033409065999876475
1539, 0.0034987767998245546
1540, 0.003416585800005123
1541, 0.0034500739999202778
1542, 0.003433223400134011
1543, 0.003867827599970042
1544, 0.0032837869999639223
1545, 0.0031979600000340723
1546, 0.003330748599910294
1547, 0.00345361799991224
1548, 0.00327242359999218
1549, 0.003361148000112735
1550, 0.003414519400030258
1551, 0.003509152400147286
1552, 0.0032349744000384818
1553, 0.0033576653997442916
1554, 0.0034125141999538757
1555, 0.003388662799989106
1556, 0.003429541399964364
1557, 0.003564460599955055
1558, 0.003408329399826471
1559, 0.0035233817998232553
1560, 0.00310940359995584
1561, 0.0033321756000077585
1562, 0.003409882000050857
1563, 0.0033856535999802874
1564, 0.0034355878000496888
1565, 0.003327762399931089
1566, 0.0037479374001122777
1567, 0.0031727265999506927
1568, 0.0035468795998895076
1569, 0.003306982600042829
1570, 0.0032597553999949014
1571, 0.00337112060005893
1572, 0.003408527999999933
1573, 0.003600898199874791
1574, 0.0032654631999321283
1575, 0.0035249571999884212
1576, 0.003358704800120904
1577, 0.0033130497999081855
1578, 0.0033597241999814287
1579, 0.003617542600113666
1580, 0.003693679800198879
1581, 0.0033002084001054754
1582, 0.003412667600059649
1583, 0.0035055451997322963
1584, 0.003409781600203132
1585, 0.003295319999961066
1586, 0.003544545600016136
1587, 0.003389545399841154
1588, 0.003652929999952903
1589, 0.004021330399700674
1590, 0.003336788800152135
1591, 0.0034153750002587913
1592, 0.0034343905997957338
1593, 0.0034019771999737715
1594, 0.0035068556000624083
1595, 0.004085571600080584
1596, 0.0035392583999055206
1597, 0.0034491649999836226
1598, 0.0033946356001251844
1599, 0.0037014790003013333
1600, 0.0035680311997566606
1601, 0.003426428600141662
1602, 0.0033686861999740357
1603, 0.0034727893998933723
1604, 0.0037539577999268657
1605, 0.0035002957996766782
1606, 0.00372978460000013
1607, 0.003774023599908105
1608, 0.003540917200007243
1609, 0.0036828973999945445
1610, 0.003690120799728902
1611, 0.0032953964000626
1612, 0.003701631000149064
1613, 0.003560959999958868
1614, 0.003625429599924246
1615, 0.00343615999991016
1616, 0.0037232020000374177
1617, 0.003643244599879836
1618, 0.003383705400119652
1619, 0.0036428166000405326
1620, 0.003718199399736477
1621, 0.003462954199858359
1622, 0.0035730669998883966
1623, 0.004130009000073187
1624, 0.0036345540000183975
1625, 0.0038167398000950926
1626, 0.003752003000045079
1627, 0.003501894600049127
1628, 0.0036047042001882803
1629, 0.0037478231999557464
1630, 0.0035714652000024215
1631, 0.0036129314001300374
1632, 0.003602539400162641
1633, 0.003816481399917393
1634, 0.0035745622000831643
1635, 0.003621186600139481
1636, 0.0037142895998840686
1637, 0.003568894199997885
1638, 0.0037267296000209173
1639, 0.003584051200232352
1640, 0.00344330159969104
1641, 0.0036717620001581962
1642, 0.003739870199933648
1643, 0.0036985546001233162
1644, 0.0036666626001533587
1645, 0.00401222559994494
1646, 0.003459219999786001
1647, 0.0037192855998000596
1648, 0.0039077056000678565
1649, 0.003437054199821432
1650, 0.0039329382001596965
1651, 0.003574370600108523
1652, 0.004757118000270566
1653, 0.0034847897997678954
1654, 0.0035762841998803196
1655, 0.0035594840002886484
1656, 0.0034998332001123346
1657, 0.0035796686002868227
1658, 0.0038686913998390083
1659, 0.004161315999954241
1660, 0.0034551262000604766
1661, 0.0037555564002104804
1662, 0.0036168618000374407
1663, 0.0035535425999114524
1664, 0.0036963996000849873
1665, 0.003773038199869916
1666, 0.00394254640013969
1667, 0.004315797199888038
1668, 0.003725604399733129
1669, 0.003698465200068313
1670, 0.003976619799868786
1671, 0.00375964640006714
1672, 0.003731703199809999
1673, 0.0038772235999203985
1674, 0.0038418287997046717
1675, 0.0035588893999374703
1676, 0.00437681600014912
1677, 0.00378989239980001
1678, 0.00353725340028177
1679, 0.0036978564003220527
1680, 0.003791419199842494
1681, 0.0037366325999755646
1682, 0.003885672400065232
1683, 0.0036270542001147986
1684, 0.003911353600051371
1685, 0.003669909599921084
1686, 0.003580395800236147
1687, 0.003988124199895538
1688, 0.0037251017998642054
1689, 0.0035607731999334645
1690, 0.0036534139999275794
1691, 0.0035778723999101204
1692, 0.003681861400036723
1693, 0.003719986800206243
1694, 0.003919442200276535
1695, 0.0038729528001567814
1696, 0.003591303000212065
1697, 0.0039229786001669705
1698, 0.003973978200156126
1699, 0.0035478506000799826
1700, 0.0036840071999904465
1701, 0.0038595411999267524
1702, 0.0034986400001798756
1703, 0.003974913999991258
1704, 0.00462977300012426
1705, 0.0036126289996900596
1706, 0.0037095563999173463
1707, 0.003761852599927806
1708, 0.0035823834001348586
1709, 0.00372170400005416
1710, 0.0037674676001188344
1711, 0.004051246800008812
1712, 0.0037606016001518585
1713, 0.003610526200282038
1714, 0.0037552157999016346
1715, 0.0035566374001064103
1716, 0.003580528000020422
1717, 0.0035817029998725046
1718, 0.004361798199897749
1719, 0.003683736799939652
1720, 0.0038556512001377994
1721, 0.0037705673999880672
1722, 0.003739205599777051
1723, 0.004027901399967959
1724, 0.003858207800294622
1725, 0.003661105600258452
1726, 0.003935881399956998
1727, 0.0036919120000675322
1728, 0.0036129066000285094
1729, 0.00375759080015996
1730, 0.003786080799909541
1731, 0.0038505290001921823
1732, 0.003735563000009279
1733, 0.0038555007999093505
1734, 0.003599177599971881
1735, 0.003783525199833093
1736, 0.0035183895997761283
1737, 0.0038448217997938627
1738, 0.0038702174002537503
1739, 0.003672395400280948
1740, 0.0037851321998459754
1741, 0.003808452399971429
1742, 0.004003279999960796
1743, 0.004074697000032756
1744, 0.004011379799703718
1745, 0.0036203232000843856
1746, 0.003855915199892479
1747, 0.004106319399943459
1748, 0.003714580799714895
1749, 0.004127590799907921
1750, 0.0039856264000263765
1751, 0.0036726141999679383
1752, 0.004238206599984551
1753, 0.003896435799833853
1754, 0.0042010957997263175
1755, 0.0038422112000262134
1756, 0.004136080999887781
1757, 0.0036942028000339633
1758, 0.004026609200082021
1759, 0.004502123800193658
1760, 0.0040369911999732725
1761, 0.00372649620003358
1762, 0.004199005000191392
1763, 0.0039880923999589864
1764, 0.003875475600216305
1765, 0.004163079200225184
1766, 0.0040888502000598235
1767, 0.004059752600005595
1768, 0.003964559999803896
1769, 0.003913445199941634
1770, 0.003998668200074463
1771, 0.0038442826000391504
1772, 0.003991075999874738
1773, 0.004009380199931911
1774, 0.004097141999955057
1775, 0.003743506399769103
1776, 0.004019357400102308
1777, 0.0038610389998211757
1778, 0.0038996871997369455
1779, 0.0038730981999833603
1780, 0.00409720079987892
1781, 0.003744346600069548
1782, 0.003934600399952614
1783, 0.004025807599828113
1784, 0.0040866182000172556
1785, 0.0038840617999085225
1786, 0.0041248670000641145
1787, 0.004023718799726339
1788, 0.004016222200152697
1789, 0.003722844799995073
1790, 0.004417935200035572
1791, 0.004050914400067995
1792, 0.003980931199839688
1793, 0.003869312199822161
1794, 0.003911887199865305
1795, 0.0039024546000291593
1796, 0.004034216799846035
1797, 0.003959047999887844
1798, 0.00456487859992194
1799, 0.004124149000199395
1800, 0.004131246600081795
1801, 0.004172768799980986
1802, 0.004250741999931052
1803, 0.004273531799844932
1804, 0.004043820800143294
1805, 0.003957226800048374
1806, 0.004299839599843836
1807, 0.004044779400283005
1808, 0.0040249395999126135
1809, 0.003946973200072534
1810, 0.004012181799771497
1811, 0.004277450799781946
1812, 0.0041578053998819085
1813, 0.004000710200125468
1814, 0.004118035800274811
1815, 0.004207739999765181
1816, 0.003983128600157215
1817, 0.004297066800063476
1818, 0.0041829808000329646
1819, 0.004108963800172205
1820, 0.003955501599921263
1821, 0.003896891999829677
1822, 0.004007709999859799
1823, 0.0038342507999914234
1824, 0.004003737200036994
1825, 0.004057139600263326
1826, 0.004469664200223633
1827, 0.003865779400075553
1828, 0.0042450870001630395
1829, 0.004138182400129154
1830, 0.003913802600072814
1831, 0.004018713600089541
1832, 0.004102545400019153
1833, 0.004099741999743856
1834, 0.004216959000041242
1835, 0.004056857000250602
1836, 0.004176463000112563
1837, 0.004272930800289032
1838, 0.004333249999763211
1839, 0.003800293400126975
1840, 0.0042046426002343654
1841, 0.004311353400044027
1842, 0.004020890399988275
1843, 0.004081150799902389
1844, 0.004265503600254306
1845, 0.004147252999973716
1846, 0.004325228000016068
1847, 0.004143498599660234
1848, 0.004360220799935632
1849, 0.003882552400318673
1850, 0.004254895999838482
1851, 0.004223393199936254
1852, 0.00412174259981839
1853, 0.004427101400142419
1854, 0.00423283160016581
1855, 0.004265613399911672
1856, 0.004104746599841747
1857, 0.0045981626000866525
1858, 0.00396035359990492
1859, 0.0047152251998340946
1860, 0.005184014199767262
1861, 0.0042219506001856645
1862, 0.0039004840000416152
1863, 0.004239511600098922
1864, 0.004033314399930532
1865, 0.00418233539967332
1866, 0.004344901199874585
1867, 0.003973119999864138
1868, 0.004278019599951222
1869, 0.0041786128000239845
1870, 0.004549406599835493
1871, 0.003952150199984317
1872, 0.0039632977997825945
1873, 0.0048633718000928635
1874, 0.0047263107997423505
1875, 0.004203221200077678
1876, 0.00427622520001023
1877, 0.004048518799754675
1878, 0.004368884400173556
1879, 0.004564017200027593
1880, 0.00435064080011216
1881, 0.003982700999767985
1882, 0.004166101000009803
1883, 0.004471759800071595
1884, 0.003952847399705206
1885, 0.004213791199799743
1886, 0.004251299599854974
1887, 0.004331081000054837
1888, 0.004180893800003105
1889, 0.0043522910000319825
1890, 0.004041975799918873
1891, 0.0042197662001854045
1892, 0.0040379205998760884
1893, 0.004165024399844697
1894, 0.0042327654002292546
1895, 0.004038917199795833
1896, 0.00434766739999759
1897, 0.004209327200078406
1898, 0.004158585199911613
1899, 0.00405575000004319
1900, 0.004298047799966298
1901, 0.004486986600022646
1902, 0.004265640799712855
1903, 0.004313590400124667
1904, 0.004327910800202517
1905, 0.004148025399990729
1906, 0.004204079799819738
1907, 0.0040517919998819705
1908, 0.004159967599844094
1909, 0.004403722000279231
1910, 0.004289386399977957
1911, 0.00485569940028654
1912, 0.004396021799766459
1913, 0.004365578199940501
1914, 0.004520474600212765
1915, 0.004690579599991906
1916, 0.004209328200158779
1917, 0.004094076399996993
1918, 0.00407807839983434
1919, 0.004319981400112738
1920, 0.004244712400031858
1921, 0.004196361399954185
1922, 0.004634693399930256
1923, 0.0044225546000234315
1924, 0.004373997400034568
1925, 0.004064863800158492
1926, 0.00429106440024043
1927, 0.004456234399913228
1928, 0.0042304594000597716
1929, 0.004556455399870174
1930, 0.004168837399993209
1931, 0.004445253200174193
1932, 0.004531488599968725
1933, 0.00436633819990675
1934, 0.004036113400070462
1935, 0.0043577555999945615
1936, 0.004381240799921216
1937, 0.004235376799988444
1938, 0.004459480199875543
1939, 0.004292098799851374
1940, 0.004318383200006793
1941, 0.004249922999952105
1942, 0.004514989800009061
1943, 0.004370527600258356
1944, 0.004623019599966938
1945, 0.0044710300000588175
1946, 0.0045016841999313325
1947, 0.004493418600031873
1948, 0.0049866732002556095
1949, 0.004511190199991688
1950, 0.004471422999995411
1951, 0.0047219562002283055
1952, 0.0042402174000017116
1953, 0.004390740400049253
1954, 0.004552144999979646
1955, 0.004194234999886248
1956, 0.004382008200263954
1957, 0.004509073599911062
1958, 0.004341316200225265
1959, 0.0042993690000002974
1960, 0.005067382599736448
1961, 0.004325086600147188
1962, 0.004221482399952947
1963, 0.004292825800075661
1964, 0.004378619199997047
1965, 0.004176224999901024
1966, 0.004545303399936529
1967, 0.004327848599859863
1968, 0.0043221150001045315
1969, 0.004231847399933031
1970, 0.004267262000212213
1971, 0.0042865904000791485
1972, 0.0042304660000809235
1973, 0.0043076458001451105
1974, 0.0043022253998060474
1975, 0.004305558600026416
1976, 0.004177123200133792
1977, 0.004584128600254189
1978, 0.0043534513999475164
1979, 0.004286757000227226
1980, 0.00442064240014588
1981, 0.004492963800294092
1982, 0.0046346562001417626
1983, 0.004340795800089836
1984, 0.004858587399940007
1985, 0.004346768999675987
1986, 0.004591540999899735
1987, 0.004411214199717506
1988, 0.004415070599861792
1989, 0.00484801559978223
1990, 0.004430969000168261
1991, 0.004779997999867192
1992, 0.0044675912002276165
1993, 0.004610635399876628
1994, 0.004833702799805906
1995, 0.004888761999973212
1996, 0.004997147399990354
1997, 0.004771547400014242
1998, 0.004579165000177454
1999, 0.005974225799945998
