1, 3.7267240004439372e-06
2, 3.4704709996731252e-06
3, 3.2355989987991052e-06
4, 3.196826999555924e-06
5, 3.582867000659462e-06
6, 3.2757429999037414e-06
7, 3.6851910008408596e-06
8, 4.051859001265257e-06
9, 4.1668010017019694e-06
10, 3.316712000014377e-06
11, 3.4900280006695537e-06
12, 3.9743590004945876e-06
13, 3.62379400030477e-06
14, 3.236429998651147e-06
15, 3.3228440006496384e-06
16, 3.362859999469947e-06
17, 3.297170998848742e-06
18, 3.863115998683497e-06
19, 3.978153999923961e-06
20, 3.1863250005699227e-06
21, 3.2494360002601754e-06
22, 3.382769999006996e-06
23, 3.865313999995124e-06
24, 3.867278999678092e-06
25, 3.2214830007433194e-06
26, 3.9871050012152405e-06
27, 3.412486001252546e-06
28, 3.286920999016729e-06
29, 3.563476000636001e-06
30, 3.3683849997032666e-06
31, 3.2176730001083343e-06
32, 3.4746210003504528e-06
33, 3.3294079985353166e-06
34, 4.232293000313803e-06
35, 3.8785039996582784e-06
36, 3.2396440001321026e-06
37, 3.1388090010295854e-06
38, 3.2762980008556043e-06
39, 3.2707469999877503e-06
40, 3.414557999349199e-06
41, 3.239814999687951e-06
42, 3.320351999718696e-06
43, 3.6009270006616134e-06
44, 4.2292590005672536e-06
45, 3.7452289998327613e-06
46, 3.354570000738022e-06
47, 3.1637119991501094e-06
48, 3.387725999346003e-06
49, 3.277212999819312e-06
50, 3.3016990000760414e-06
51, 3.621996998845134e-06
52, 3.427849000217975e-06
53, 4.3234999993728706e-06
54, 3.2846450012584682e-06
55, 3.3168119989568366e-06
56, 3.541968000718043e-06
57, 3.2630360001348892e-06
58, 3.5253320002084366e-06
59, 4.36419399920851e-06
60, 4.228973000863334e-06
61, 3.75737600006687e-06
62, 3.936655999495997e-06
63, 3.375325999513734e-06
64, 3.3292039988737087e-06
65, 3.1719329999759793e-06
66, 3.919038999811164e-06
67, 4.281428000467713e-06
68, 3.2767449993116317e-06
69, 3.208793999874615e-06
70, 3.2433510004921116e-06
71, 3.4790579993568826e-06
72, 3.7732839991804214e-06
73, 3.126617999441805e-06
74, 3.2493449998582945e-06
75, 3.2964389993139773e-06
76, 3.5181769999326207e-06
77, 3.8388169996324e-06
78, 3.1508780011790805e-06
79, 3.2897370001592206e-06
80, 3.198885000529117e-06
81, 3.3392750010534654e-06
82, 3.5455249999358786e-06
83, 3.259566001361236e-06
84, 3.477293001196813e-06
85, 3.420734999963315e-06
86, 3.6510879999696044e-06
87, 3.4003630007646278e-06
88, 3.4110039996448905e-06
89, 4.1787959999055605e-06
90, 3.3558509985596176e-06
91, 3.891132999342517e-06
92, 3.196839999873191e-06
93, 3.354335998665192e-06
94, 3.5266619997855743e-06
95, 3.3734519984136567e-06
96, 3.5095750008622416e-06
97, 3.3023569994838908e-06
98, 3.809499999988475e-06
99, 3.6074859999644104e-06
100, 3.480720999505138e-06
101, 3.863092000756296e-06
102, 3.3335670013912024e-06
103, 3.248699998948723e-06
104, 3.4537169995019212e-06
105, 3.2919360000960297e-06
106, 3.368300000147428e-06
107, 3.798245999860228e-06
108, 3.7689929995394778e-06
109, 3.368761001183884e-06
110, 3.9023650006129175e-06
111, 4.513248999501229e-06
112, 3.7025889996584736e-06
113, 3.3325179992971244e-06
114, 3.159952999340021e-06
115, 3.4482730006857307e-06
116, 3.685379999296856e-06
117, 3.2342840004275785e-06
118, 3.3159600006911207e-06
119, 3.2560679992457155e-06
120, 3.7131760000193027e-06
121, 3.3620489994063972e-06
122, 5.855358000189881e-06
123, 6.463846999395173e-06
124, 5.1934880011685895e-06
125, 3.33333200069319e-06
126, 3.2597930003248623e-06
127, 3.2571379997534676e-06
128, 3.3478080003988e-06
129, 3.6442309992708033e-06
130, 4.295307999200304e-06
131, 3.2619519988656973e-06
132, 3.756427000553231e-06
133, 3.659645999505301e-06
134, 3.261088000726886e-06
135, 3.1744360003358454e-06
136, 4.4258210000407414e-06
137, 3.783078000196838e-06
138, 3.2981660006043965e-06
139, 3.1687460013927194e-06
140, 3.4204600015073085e-06
141, 3.3787360007409007e-06
142, 3.937638999559568e-06
143, 3.2497800002602162e-06
144, 3.2875039996724807e-06
145, 3.166259000863647e-06
146, 3.1377120012621163e-06
147, 3.822549999313196e-06
148, 4.033852999782539e-06
149, 3.2889250014704886e-06
150, 3.3734629996615697e-06
151, 3.405715000553755e-06
152, 3.927027000827365e-06
153, 4.194826999082579e-06
154, 3.152765999402618e-06
155, 3.685676998429699e-06
156, 3.844736000246485e-06
157, 3.301842998553184e-06
158, 3.4716219997790177e-06
159, 3.3079299992095913e-06
160, 3.3238929991057374e-06
161, 3.62827899880358e-06
162, 3.324597999380785e-06
163, 5.808525998872938e-06
164, 3.3007110014295905e-06
165, 4.138332000366063e-06
166, 3.2286719997500768e-06
167, 3.353043999595684e-06
168, 3.3406750007998197e-06
169, 3.5305889996379845e-06
170, 3.4158110011048847e-06
171, 3.3297379995929078e-06
172, 3.3277780003118097e-06
173, 3.372293000211357e-06
174, 6.5306819997204e-06
175, 3.3481080008641582e-06
176, 3.4575540012156127e-06
177, 3.632620000644238e-06
178, 3.6569280000549043e-06
179, 3.31411299885076e-06
180, 3.386296999451588e-06
181, 3.3549840009072795e-06
182, 3.279747999840765e-06
183, 3.4787969998433253e-06
184, 4.323172001022612e-06
185, 3.783735999604687e-06
186, 3.28442599857226e-06
187, 3.469761000815197e-06
188, 3.4594270000525283e-06
189, 3.6988129995734196e-06
190, 3.3220870009245117e-06
191, 3.266574998633587e-06
192, 3.4842180011764865e-06
193, 3.2853669999894918e-06
194, 3.2569840004725846e-06
195, 3.3703200006129917e-06
196, 3.568395999536733e-06
197, 3.3554479996382726e-06
198, 6.739931999618421e-06
199, 6.238973999643349e-06
200, 6.160703000205103e-06
201, 3.615966001234483e-06
202, 3.393914999833214e-06
203, 3.414910999708809e-06
204, 3.3943679991352836e-06
205, 3.281186000094749e-06
206, 3.7135120001039466e-06
207, 3.3282660006079823e-06
208, 3.3718200011207955e-06
209, 3.1362169993371937e-06
210, 4.600117999871145e-06
211, 3.407216998311924e-06
212, 3.472860000329092e-06
213, 3.3196679996763124e-06
214, 3.3764050003810555e-06
215, 4.465493000679999e-06
216, 4.043716999149183e-06
217, 3.332600999783608e-06
218, 3.342980000525131e-06
219, 3.2920390003710055e-06
220, 3.320791000078316e-06
221, 3.954767998948228e-06
222, 3.196550000211573e-06
223, 3.4096159997716314e-06
224, 3.1759220000822098e-06
225, 3.2147969996003667e-06
226, 4.6633880010631405e-06
227, 3.3587710004212568e-06
228, 3.8551110010303095e-06
229, 3.5895780001737876e-06
230, 4.07895700118388e-06
231, 3.2970209995255573e-06
232, 3.3214330014743607e-06
233, 3.5465079999994486e-06
234, 3.598119001253508e-06
235, 3.2593940013612153e-06
236, 3.595309000957059e-06
237, 4.249917999914033e-06
238, 3.435231999901589e-06
239, 3.4735579993139255e-06
240, 3.746059001059621e-06
241, 3.2970009997370655e-06
242, 3.345293000165839e-06
243, 3.2024020001699683e-06
244, 3.375002999746357e-06
245, 3.374142001121072e-06
246, 3.2429200000478887e-06
247, 3.363032001288957e-06
248, 4.162989000178641e-06
249, 3.915514998880098e-06
250, 3.4510089990362757e-06
251, 3.5730870004044845e-06
252, 3.178846000082558e-06
253, 4.512746998443618e-06
254, 3.9596979986527e-06
255, 3.97374000021955e-06
256, 3.259057999457582e-06
257, 3.2535320005990796e-06
258, 3.688529999635648e-06
259, 3.2570749990554757e-06
260, 3.40541200057487e-06
261, 3.4100789998774418e-06
262, 3.3068160009861457e-06
263, 3.2436869987577667e-06
264, 4.576694998831954e-06
265, 3.3500320005259708e-06
266, 3.4330790003878063e-06
267, 3.274343000157387e-06
268, 3.533555000103661e-06
269, 3.8018889990780735e-06
270, 3.586467000786797e-06
271, 3.314323999802582e-06
272, 3.407393998713815e-06
273, 4.1889349995472005e-06
274, 3.6169110007904238e-06
275, 3.4517410003900294e-06
276, 3.2713319997128566e-06
277, 3.2653110010869567e-06
278, 3.383930999916629e-06
279, 3.260671001044102e-06
280, 4.074636999575887e-06
281, 3.4208070010208758e-06
282, 3.916978999768617e-06
283, 3.80883899924811e-06
284, 3.3655779989203437e-06
285, 3.777592999540502e-06
286, 4.05841599967971e-06
287, 3.235571999539388e-06
288, 3.657434999695397e-06
289, 3.3288390004599933e-06
290, 4.211060000670841e-06
291, 3.267837000748841e-06
292, 3.3939140012080314e-06
293, 3.529011000864557e-06
294, 3.49714000003587e-06
295, 3.770614999666577e-06
296, 4.024130999823683e-06
297, 3.5332059997017496e-06
298, 3.2854549990588566e-06
299, 4.270991999874241e-06
300, 3.30785799997102e-06
301, 3.5470639995764943e-06
302, 3.4430200012138813e-06
303, 3.3597209985600784e-06
304, 3.2950450004136655e-06
305, 3.6044909993506734e-06
306, 3.3331880003970583e-06
307, 3.8061909999669298e-06
308, 3.976969001087127e-06
309, 3.6785629999940283e-06
310, 3.580357999453554e-06
311, 3.571010998712154e-06
312, 3.6605469995265596e-06
313, 3.3384029993612787e-06
314, 3.875944001265452e-06
315, 3.6636580007325394e-06
316, 3.1985639998310945e-06
317, 3.3999180013779552e-06
318, 3.928522000933299e-06
319, 4.778905999046401e-06
320, 3.517009999995935e-06
321, 3.226602000722778e-06
322, 3.6725570007547505e-06
323, 4.382160001114244e-06
324, 3.385103998880368e-06
325, 3.381860999070341e-06
326, 3.444510999543127e-06
327, 3.2698710001568545e-06
328, 3.8395769988710525e-06
329, 3.411817000596784e-06
330, 3.254958999605151e-06
331, 3.374912001163466e-06
332, 3.2681009997759246e-06
333, 3.794678999838652e-06
334, 3.467080998234451e-06
335, 3.638130998297129e-06
336, 3.5187909998057877e-06
337, 3.67123499927402e-06
338, 3.7201739996817194e-06
339, 3.884998001012718e-06
340, 3.3854499997687527e-06
341, 3.604384999562171e-06
342, 3.4901020007964688e-06
343, 3.443372001129319e-06
344, 3.7898449991189408e-06
345, 3.4352620004938217e-06
346, 3.58769899867184e-06
347, 3.799049000008381e-06
348, 3.3374949998687953e-06
349, 3.3118979990831575e-06
350, 3.854989001411013e-06
351, 3.3656440009508516e-06
352, 3.3719900002324722e-06
353, 3.7216379987512484e-06
354, 3.4368679989711383e-06
355, 4.033623999930569e-06
356, 3.9797040008124896e-06
357, 3.832738999335561e-06
358, 3.4149479997722665e-06
359, 3.373625000676839e-06
360, 3.7809639998158675e-06
361, 3.712240999448113e-06
362, 3.627330999734113e-06
363, 3.3838439994724468e-06
364, 3.592648999983794e-06
365, 3.991211000538897e-06
366, 3.6224460000084947e-06
367, 3.3404010009689956e-06
368, 3.475278999758302e-06
369, 3.5309189988765864e-06
370, 3.8068070007284404e-06
371, 3.823667999313329e-06
372, 3.5422750006546268e-06
373, 3.2773060011095366e-06
374, 3.392394000911736e-06
375, 3.5147299986419965e-06
376, 3.569856000467553e-06
377, 3.797355999267893e-06
378, 3.407563999644481e-06
379, 3.4696059992711527e-06
380, 3.895308998835389e-06
381, 3.454988000157755e-06
382, 3.42593299865257e-06
383, 3.5058680005022327e-06
384, 3.4044250005536013e-06
385, 3.317597998830024e-06
386, 6.29882999965048e-06
387, 4.098450999663328e-06
388, 3.5367649998079288e-06
389, 3.987959000369301e-06
390, 3.4481849997973767e-06
391, 3.387638000276638e-06
392, 4.002143999969121e-06
393, 3.420831000767066e-06
394, 3.5292669999762437e-06
395, 3.4779769994202068e-06
396, 3.3741740007826592e-06
397, 3.7349680005718254e-06
398, 4.092827999556903e-06
399, 3.358097001182614e-06
400, 3.399998000531923e-06
401, 3.379320000021835e-06
402, 3.4439739993104014e-06
403, 3.997617999630166e-06
404, 3.458361001321464e-06
405, 3.870190999805345e-06
406, 3.2929019998846344e-06
407, 3.4769029989547562e-06
408, 3.9433559995813996e-06
409, 3.910471001290716e-06
410, 3.3199349982169225e-06
411, 3.2819660009408833e-06
412, 4.3129919995408275e-06
413, 3.6963769998692443e-06
414, 3.410653000173625e-06
415, 3.6010640014865204e-06
416, 3.300914000647026e-06
417, 3.461670001343009e-06
418, 3.43668300047284e-06
419, 4.073454001627397e-06
420, 3.5051229988312115e-06
421, 3.8078670004324524e-06
422, 3.569815000446397e-06
423, 3.5045530003117166e-06
424, 4.349430000729626e-06
425, 3.7273319994710617e-06
426, 3.342954998515779e-06
427, 3.7110359990037976e-06
428, 3.585716998713906e-06
429, 3.914567998435814e-06
430, 3.828656999758095e-06
431, 3.40309300008812e-06
432, 3.3483139995951205e-06
433, 3.4147999995184363e-06
434, 3.962912000133656e-06
435, 4.018622999865329e-06
436, 3.4980939999513793e-06
437, 3.339863998917281e-06
438, 3.6350600003061117e-06
439, 3.600334999646293e-06
440, 4.2003839989774864e-06
441, 3.60382599865261e-06
442, 3.5217029999330407e-06
443, 3.5748820009757767e-06
444, 3.899110000929795e-06
445, 3.5213249993830688e-06
446, 3.4564030011097202e-06
447, 3.472619000604027e-06
448, 3.3955889994103927e-06
449, 3.376808999746572e-06
450, 3.608504999647266e-06
451, 4.7344440008600945e-06
452, 3.626997000537813e-06
453, 4.439832000571187e-06
454, 3.5069449986622203e-06
455, 3.5939190001954557e-06
456, 3.4490510006435217e-06
457, 3.4244550006405918e-06
458, 3.4456100001989396e-06
459, 3.4584360000735614e-06
460, 3.743208999367198e-06
461, 5.675128000802942e-06
462, 3.913674998329952e-06
463, 3.412895999645116e-06
464, 3.455459000178962e-06
465, 3.4485489995859097e-06
466, 3.8197680005396254e-06
467, 4.239009998855181e-06
468, 3.4855599988077303e-06
469, 3.4144010005547897e-06
470, 3.6334399992483667e-06
471, 3.514209000059054e-06
472, 3.7303030003386086e-06
473, 3.474086999631254e-06
474, 3.382955001143273e-06
475, 3.415436000068439e-06
476, 3.6638450001191815e-06
477, 4.11626800087106e-06
478, 3.879581998262438e-06
479, 3.5680339988175548e-06
480, 3.3883730011439183e-06
481, 4.599747000611387e-06
482, 3.4596089990373004e-06
483, 3.914897999493406e-06
484, 3.4143550001317637e-06
485, 3.421549999984563e-06
486, 4.515005999564892e-06
487, 3.4047999997710576e-06
488, 3.3610650007176444e-06
489, 3.3589619997655973e-06
490, 3.7031219999335006e-06
491, 3.599611998652108e-06
492, 4.944464000800508e-06
493, 4.452631001186091e-06
494, 4.271200001312536e-06
495, 3.5224719995312624e-06
496, 3.5312780000822386e-06
497, 3.5700480002560654e-06
498, 3.842017000351916e-06
499, 4.014936001112801e-06
500, 3.4381069999653845e-06
501, 3.7769930004287745e-06
502, 3.834569000900956e-06
503, 3.5913990013796136e-06
504, 3.8381359991035426e-06
505, 3.6470300001383293e-06
506, 3.823111999736284e-06
507, 3.675882000607089e-06
508, 4.012655999758863e-06
509, 3.7441969998326384e-06
510, 3.594333998989896e-06
511, 3.8111129997560058e-06
512, 4.070132999913767e-06
513, 3.9607110011274925e-06
514, 3.6883990014757727e-06
515, 4.443933001311962e-06
516, 3.711497998665436e-06
517, 4.803383999387733e-06
518, 3.8816670003143375e-06
519, 3.885526000885875e-06
520, 3.5918850007874426e-06
521, 3.817017999608651e-06
522, 3.680763000375009e-06
523, 3.805817999818828e-06
524, 3.6773559986613692e-06
525, 3.5676000006787944e-06
526, 4.248782999638934e-06
527, 4.133847000048263e-06
528, 3.876787999615772e-06
529, 4.008507001344697e-06
530, 3.992097999798716e-06
531, 4.019492998850183e-06
532, 4.592627999954857e-06
533, 3.5906100001739105e-06
534, 3.7000250013079495e-06
535, 3.818991999651189e-06
536, 3.71738800095045e-06
537, 3.616759000578895e-06
538, 3.794726999331033e-06
539, 4.096840000784141e-06
540, 3.5316269986651607e-06
541, 3.771292000237736e-06
542, 3.9258269989659315e-06
543, 4.126255000301171e-06
544, 3.7850970002182293e-06
545, 3.6341720006021205e-06
546, 3.9541229998576455e-06
547, 5.02323399996385e-06
548, 3.629498000009335e-06
549, 4.302053999708732e-06
550, 3.5492259994498455e-06
551, 4.113322998819058e-06
552, 3.7092450002091936e-06
553, 3.686891999677755e-06
554, 3.688688000693219e-06
555, 3.7271340006554963e-06
556, 4.349476001152652e-06
557, 4.324259998611524e-06
558, 3.5845029997290113e-06
559, 3.7050829996587707e-06
560, 4.359051999927033e-06
561, 3.899133000231813e-06
562, 3.579029998945771e-06
563, 3.6158040002192137e-06
564, 3.7177789999987e-06
565, 3.663451001557405e-06
566, 4.8444229996675855e-06
567, 4.212854999423144e-06
568, 3.856868999719154e-06
569, 4.370786000436056e-06
570, 3.7547240008279913e-06
571, 5.077750000054948e-06
572, 3.734497999175801e-06
573, 4.14387000091665e-06
574, 3.7086969987285556e-06
575, 3.679458000988234e-06
576, 4.451605000213021e-06
577, 4.250070998750743e-06
578, 3.8003230001777412e-06
579, 3.859262000332819e-06
580, 4.912858001262066e-06
581, 4.021063999971375e-06
582, 3.6174249999021414e-06
583, 3.8954330011620185e-06
584, 3.7305189998733114e-06
585, 5.6803610004863e-06
586, 3.89640200046415e-06
587, 3.709429998707492e-06
588, 5.877346000488615e-06
589, 4.326390000642277e-06
590, 3.834388999166549e-06
591, 3.949011001168401e-06
592, 3.8001429984433342e-06
593, 3.5153950011590497e-06
594, 4.88780100022268e-06
595, 4.062707999764825e-06
596, 4.050976000144146e-06
597, 3.7188389997027117e-06
598, 4.2094250002264745e-06
599, 5.131955000251765e-06
600, 3.940914000850171e-06
601, 3.7854309994145296e-06
602, 3.8126419985928805e-06
603, 3.7581819997285494e-06
604, 3.8562620011362016e-06
605, 3.579901000193786e-06
606, 4.491165000217734e-06
607, 3.6213709990988717e-06
608, 4.555526000331156e-06
609, 4.227339999488322e-06
610, 3.6054960000910797e-06
611, 3.8096709995443233e-06
612, 3.6479039990808815e-06
613, 3.6871470001642592e-06
614, 4.0579560009064155e-06
615, 4.232547998981318e-06
616, 3.921294999599922e-06
617, 3.530877000230248e-06
618, 4.039663001094595e-06
619, 4.539907000435051e-06
620, 3.710926999701769e-06
621, 3.800780999881681e-06
622, 3.6436840000533266e-06
623, 4.177365000941791e-06
624, 3.853120999337989e-06
625, 3.7111350011400647e-06
626, 3.7705969989474397e-06
627, 3.9237759992829525e-06
628, 4.2721190002339425e-06
629, 3.769721000935533e-06
630, 3.5832419998769182e-06
631, 3.867718000037712e-06
632, 3.584665999369463e-06
633, 3.926186000171583e-06
634, 4.054892000567634e-06
635, 3.7410069999168627e-06
636, 3.9035549998516214e-06
637, 4.2749900003400396e-06
638, 4.146641000261298e-06
639, 4.164875999776996e-06
640, 3.841746000034618e-06
641, 3.8811579997855e-06
642, 3.7431330001709283e-06
643, 3.932821999114822e-06
644, 3.826124999250169e-06
645, 4.207281001072261e-06
646, 3.734973000973696e-06
647, 3.8098900004115423e-06
648, 4.0377090008405505e-06
649, 3.893184000844485e-06
650, 3.957320999688818e-06
651, 3.980157998739742e-06
652, 3.8098340010037646e-06
653, 5.125270999997155e-06
654, 3.66729400047916e-06
655, 3.9697270003671295e-06
656, 3.8765500012232225e-06
657, 3.655649999927846e-06
658, 4.556592999506392e-06
659, 3.7676980009564432e-06
660, 3.675777999887941e-06
661, 3.650448999906075e-06
662, 3.979971999797271e-06
663, 4.855990000578458e-06
664, 4.137132998948801e-06
665, 4.2964650001522385e-06
666, 3.7657290013157763e-06
667, 4.940818000250147e-06
668, 4.029085999718518e-06
669, 3.6779820002266204e-06
670, 3.8122330006444828e-06
671, 4.1392690000066065e-06
672, 3.9164490008261055e-06
673, 3.937528999813367e-06
674, 3.888510000251699e-06
675, 3.851014998872415e-06
676, 3.6687489991891197e-06
677, 4.317371000070125e-06
678, 3.7333069994929245e-06
679, 3.910497000106261e-06
680, 3.7478649992408465e-06
681, 3.6271320004743757e-06
682, 4.519355999946129e-06
683, 4.044921000968315e-06
684, 3.5816850013361544e-06
685, 3.7214340009086298e-06
686, 3.7360669994086493e-06
687, 4.6246559995779536e-06
688, 3.7658590008504687e-06
689, 3.822062999461195e-06
690, 3.6625539996748557e-06
691, 4.151310000452213e-06
692, 3.964932999224402e-06
693, 3.733683999598725e-06
694, 3.6876900012430268e-06
695, 4.350205999799073e-06
696, 4.317521001212299e-06
697, 3.662379000161309e-06
698, 3.841283998553991e-06
699, 3.799488000368001e-06
700, 3.8648709996778055e-06
701, 4.0583250010968185e-06
702, 3.872940000292147e-06
703, 3.7525719999393913e-06
704, 4.4081169999117265e-06
705, 3.7442250013555167e-06
706, 4.2539229998510565e-06
707, 3.833548998954939e-06
708, 3.808150999248028e-06
709, 3.76601199968718e-06
710, 3.7484250005945795e-06
711, 4.11526099924231e-06
712, 3.934678999939933e-06
713, 4.136880999794812e-06
714, 3.7028070000815205e-06
715, 3.7157620008656523e-06
716, 4.069282998898416e-06
717, 5.096976999993785e-06
718, 3.688501001306577e-06
719, 3.647827999884612e-06
720, 4.023461999167921e-06
721, 3.960250998716219e-06
722, 3.8076730015745854e-06
723, 3.7124480004422366e-06
724, 3.941279999708058e-06
725, 4.082311999809463e-06
726, 4.049383000165108e-06
727, 3.72140499894158e-06
728, 3.885956000885926e-06
729, 3.602036000302178e-06
730, 3.744790001292131e-06
731, 3.909497001586714e-06
732, 3.842382999209804e-06
733, 3.888028000801569e-06
734, 4.6206980005081275e-06
735, 3.859387999909813e-06
736, 4.423389998919447e-06
737, 4.312123999625328e-06
738, 3.7470970000867965e-06
739, 3.6916619992553026e-06
740, 4.166431999692577e-06
741, 4.371941999124829e-06
742, 3.893953000442707e-06
743, 4.149005999352084e-06
744, 3.9143950016296006e-06
745, 3.9775280001776994e-06
746, 3.6911539991706378e-06
747, 4.30425699960324e-06
748, 3.864293999868096e-06
749, 3.7079159992572386e-06
750, 4.730683000161662e-06
751, 3.740607000509044e-06
752, 3.900774998328416e-06
753, 4.022028000690625e-06
754, 3.754740000658785e-06
755, 5.174941999939619e-06
756, 4.2583630001900016e-06
757, 3.6897859990858705e-06
758, 3.827151000223239e-06
759, 3.969319999669096e-06
760, 3.835235000224202e-06
761, 3.774893000809243e-06
762, 3.6626920009439347e-06
763, 3.653756000858266e-06
764, 5.2680569988297066e-06
765, 3.874562000419246e-06
766, 3.728552999746171e-06
767, 3.760200999749941e-06
768, 4.0508040001441256e-06
769, 4.9707460002537115e-06
770, 3.90184600109933e-06
771, 4.056177000165917e-06
772, 4.534116000286304e-06
773, 3.75994299974991e-06
774, 3.847504000077606e-06
775, 3.6008469996886562e-06
776, 4.124945000512525e-06
777, 3.689522000058787e-06
778, 3.7737189995823427e-06
779, 4.917473999739741e-06
780, 5.205337000006694e-06
781, 3.698849999636877e-06
782, 3.652295001302264e-06
783, 5.607569000858348e-06
784, 4.42787199972372e-06
785, 3.7322120006137994e-06
786, 3.755990999707137e-06
787, 3.982043001087732e-06
788, 3.7975819996063366e-06
789, 3.673197999887634e-06
790, 3.8092849990789545e-06
791, 3.906263000317267e-06
792, 3.770395000174176e-06
793, 4.578275000312715e-06
794, 3.9889179988676916e-06
795, 4.105836000235285e-06
796, 3.692293999847607e-06
797, 3.7680330005969156e-06
798, 3.691693000291707e-06
799, 3.972806998717715e-06
800, 3.823009001280297e-06
801, 3.7233379989629612e-06
802, 5.282334999719751e-06
803, 4.079271999216872e-06
804, 3.7648359993909254e-06
805, 3.7086880001879764e-06
806, 4.243772000336321e-06
807, 5.3807139993296005e-06
808, 3.676135998830432e-06
809, 3.927813999325735e-06
810, 3.905465000570984e-06
811, 3.8013230005162767e-06
812, 3.851989999020588e-06
813, 3.6928260014974512e-06
814, 4.409484999996494e-06
815, 3.8055439999880037e-06
816, 5.151407000084873e-06
817, 4.281143999833148e-06
818, 4.3067050009995e-06
819, 3.7031230003776727e-06
820, 3.7916340006631797e-06
821, 4.874940999798128e-06
822, 4.373620000478695e-06
823, 4.5647740007552786e-06
824, 3.660436999780359e-06
825, 3.7933820003672734e-06
826, 4.171861000941135e-06
827, 3.6824449998675845e-06
828, 3.750449999643024e-06
829, 3.827474998615798e-06
830, 5.43415699939942e-06
831, 3.876094999213819e-06
832, 3.6904759999742966e-06
833, 3.855015000226558e-06
834, 4.022348000944476e-06
835, 5.225880000580219e-06
836, 3.7403189999167806e-06
837, 3.895452999131521e-06
838, 3.967849999753526e-06
839, 3.6952159989596113e-06
840, 3.944926998883602e-06
841, 3.693260001455201e-06
842, 3.928395999537315e-06
843, 4.160832999332343e-06
844, 3.7095120005687933e-06
845, 4.784701999597019e-06
846, 4.163610999967204e-06
847, 4.008431000329438e-06
848, 3.677425998830586e-06
849, 3.7426840008265574e-06
850, 4.047659998832387e-06
851, 4.375403999802074e-06
852, 3.834147000816301e-06
853, 3.7542690006375778e-06
854, 4.610763999153278e-06
855, 3.846681998766144e-06
856, 3.717130999575602e-06
857, 3.903660999640124e-06
858, 3.9529770001536235e-06
859, 4.789860999153461e-06
860, 4.007245999673614e-06
861, 3.6941139987902717e-06
862, 4.231221000736696e-06
863, 3.6573180004779716e-06
864, 4.102558999875328e-06
865, 3.7726770005974686e-06
866, 3.927402000044822e-06
867, 3.7954519993945725e-06
868, 4.266388999894844e-06
869, 6.567069998709485e-06
870, 3.8017549995856827e-06
871, 7.78818999970099e-06
872, 4.535853999186656e-06
873, 4.236032998960581e-06
874, 3.7646029995812568e-06
875, 4.180099000222981e-06
876, 4.563406999295694e-06
877, 4.02862400005688e-06
878, 3.699869999763905e-06
879, 4.49409300017578e-06
880, 3.87526499980595e-06
881, 4.8988079997798195e-06
882, 3.993966000052751e-06
883, 3.899678000379936e-06
884, 4.267182999683428e-06
885, 3.7230639991321367e-06
886, 4.85283700072614e-06
887, 5.129093999130418e-06
888, 4.114787001526565e-06
889, 3.718971000125748e-06
890, 3.820312000243575e-06
891, 3.900884001268423e-06
892, 3.9776200010237515e-06
893, 3.668252000352368e-06
894, 3.719125999850803e-06
895, 5.237964998741518e-06
896, 9.0284360012447e-06
897, 4.067926998686744e-06
898, 5.228277999776765e-06
899, 3.953876001105528e-06
900, 3.753483999389573e-06
901, 3.81785199897422e-06
902, 3.9236479988176145e-06
903, 4.167777000475326e-06
904, 3.8059120015532244e-06
905, 3.840676001345855e-06
906, 4.100744999959715e-06
907, 4.302399000152946e-06
908, 4.068370999448234e-06
909, 3.844559998469777e-06
910, 4.129396998905577e-06
911, 3.839569000774645e-06
912, 3.716704999533249e-06
913, 4.17007400028524e-06
914, 4.061005000039586e-06
915, 4.256799998984206e-06
916, 3.8995860013528725e-06
917, 3.6633569998230085e-06
918, 4.337919999670703e-06
919, 3.888412999003776e-06
920, 3.903172000718769e-06
921, 3.955121001126827e-06
922, 4.140220999033772e-06
923, 4.609384001014405e-06
924, 4.289092001272365e-06
925, 3.8619539991486815e-06
926, 4.069364000315545e-06
927, 4.09060299898556e-06
928, 4.120044000956114e-06
929, 3.830869000012171e-06
930, 4.560856999887619e-06
931, 3.760628998861648e-06
932, 6.7626960008055905e-06
933, 1.0361689999626833e-05
934, 4.5905409988336034e-06
935, 3.994984001110424e-06
936, 3.794972000832786e-06
937, 3.746512998986873e-06
938, 3.8483259995700795e-06
939, 3.794226999161765e-06
940, 4.683340001065517e-06
941, 3.723158999491716e-06
942, 3.727199000422843e-06
943, 4.384672000014689e-06
944, 4.3401809998613315e-06
945, 3.957081999033107e-06
946, 4.1177710008923895e-06
947, 4.009200998552842e-06
948, 3.8511800012202e-06
949, 4.020832000605878e-06
950, 3.8427090003096965e-06
951, 4.5050620010442795e-06
952, 4.0246610005851835e-06
953, 3.7357040000642883e-06
954, 4.0380040009040385e-06
955, 4.557070998998825e-06
956, 3.795664999415749e-06
957, 3.931994000595296e-06
958, 4.129422999540111e-06
959, 4.651553001167485e-06
960, 3.7837550007679966e-06
961, 3.741754000657238e-06
962, 3.9198100002977295e-06
963, 4.4707109991577455e-06
964, 6.190734999108827e-06
965, 3.744162000657525e-06
966, 4.184102999715833e-06
967, 4.182291999313748e-06
968, 4.059801000039443e-06
969, 4.09583699911309e-06
970, 4.024960999231553e-06
971, 4.349445000116248e-06
972, 4.939456999636605e-06
973, 3.926094999769703e-06
974, 4.312156999731087e-06
975, 3.843423000944313e-06
976, 3.911083998900722e-06
977, 4.164081999988411e-06
978, 3.98907999988296e-06
979, 4.171251999650849e-06
980, 3.847523999866098e-06
981, 3.951229999074712e-06
982, 4.230452999763657e-06
983, 4.465741998501471e-06
984, 3.986486999565386e-06
985, 3.9083100000425475e-06
986, 4.308911999032716e-06
987, 3.89970400101447e-06
988, 3.810958998656133e-06
989, 3.9349939997919135e-06
990, 4.017872000986245e-06
991, 3.832243999568164e-06
992, 4.432963998624473e-06
993, 3.9268959990295115e-06
994, 3.890202999173198e-06
995, 3.861986999254441e-06
996, 5.0050049994752045e-06
997, 4.042582000693074e-06
998, 4.042181999466266e-06
999, 3.989945000284934e-06
1000, 4.45363200014981e-06
1001, 4.059422000864288e-06
1002, 3.855175000353484e-06
1003, 3.744518000530661e-06
1004, 3.979504999733762e-06
1005, 3.9505779986939164e-06
1006, 3.834051000012551e-06
1007, 3.826426998784882e-06
1008, 3.747783001017524e-06
1009, 4.171681999650901e-06
1010, 4.193304999716929e-06
1011, 3.933386000426254e-06
1012, 3.837259999272646e-06
1013, 4.304706999391783e-06
1014, 4.048013999636169e-06
1015, 4.101352000361657e-06
1016, 4.060928000399144e-06
1017, 4.138903001148719e-06
1018, 3.898766999554937e-06
1019, 3.917473000910832e-06
1020, 4.243779001626535e-06
1021, 3.8940670001466064e-06
1022, 3.938567000659532e-06
1023, 3.896408999935375e-06
1024, 3.95304700032284e-06
1025, 4.458118999536964e-06
1026, 3.7660289999621454e-06
1027, 3.861224000502261e-06
1028, 3.891178999765543e-06
1029, 4.716498000561842e-06
1030, 3.940909999073483e-06
1031, 3.7922030005574927e-06
1032, 3.767010000956361e-06
1033, 3.760870999030885e-06
1034, 4.168653000306222e-06
1035, 3.89554800131009e-06
1036, 3.803272000368452e-06
1037, 4.591815000821952e-06
1038, 3.847805999612319e-06
1039, 3.962802000387455e-06
1040, 3.80417300038971e-06
1041, 4.362218000096618e-06
1042, 4.030418998809182e-06
1043, 3.724198000782053e-06
1044, 4.30259200038563e-06
1045, 4.545261001112521e-06
1046, 3.896756001267931e-06
1047, 3.7776460012537426e-06
1048, 9.605013001419139e-06
1049, 4.738293000627891e-06
1050, 3.909055998519762e-06
1051, 3.8457440005004176e-06
1052, 4.894969000815763e-06
1053, 4.029242001706734e-06
1054, 3.873199999361532e-06
1055, 3.8239130008150825e-06
1056, 4.190855999695486e-06
1057, 4.176338999968721e-06
1058, 3.768329999729758e-06
1059, 4.729062999103917e-06
1060, 4.387253000459168e-06
1061, 4.169828000158305e-06
1062, 5.485331999807385e-06
1063, 4.153075000431272e-06
1064, 4.449845000635833e-06
1065, 4.204774999379879e-06
1066, 4.421164001541911e-06
1067, 4.052623000461608e-06
1068, 3.875876998790772e-06
1069, 3.881951000948903e-06
1070, 5.023435000111931e-06
1071, 3.98999100070796e-06
1072, 4.919345999951474e-06
1073, 4.340515000876621e-06
1074, 4.232496001350228e-06
1075, 3.905589001078624e-06
1076, 4.1230110000469725e-06
1077, 3.9612750006199346e-06
1078, 3.866917999403085e-06
1079, 4.3512140000530055e-06
1080, 4.01103699914529e-06
1081, 4.181203999905847e-06
1082, 4.3459179996716556e-06
1083, 3.940491998946527e-06
1084, 5.236813998635625e-06
1085, 4.409286999361939e-06
1086, 3.90796300052898e-06
1087, 3.888917999574914e-06
1088, 4.325427000367199e-06
1089, 4.377720999400481e-06
1090, 3.85197200012044e-06
1091, 4.00045899914403e-06
1092, 4.466880000109086e-06
1093, 5.113913000968751e-06
1094, 6.623472001592745e-06
1095, 6.839239000328234e-06
1096, 5.423759999757749e-06
1097, 8.759710999584058e-06
1098, 4.496931000176118e-06
1099, 4.296859000533005e-06
1100, 3.899539000485675e-06
1101, 3.898082999512553e-06
1102, 4.328154000177165e-06
1103, 3.786211000260664e-06
1104, 4.977323998900829e-06
1105, 4.519657999480842e-06
1106, 3.991587000200525e-06
1107, 4.604440999173675e-06
1108, 4.666549999456037e-06
1109, 4.454395999346162e-06
1110, 4.169423000348616e-06
1111, 3.93183799860708e-06
1112, 3.913976001058472e-06
1113, 5.05360799979826e-06
1114, 3.823442000793875e-06
1115, 3.84795900026802e-06
1116, 4.025680998893222e-06
1117, 4.212742000163417e-06
1118, 6.099440000980394e-06
1119, 4.286638000849053e-06
1120, 4.10988899966469e-06
1121, 4.134939001232851e-06
1122, 4.092160999789485e-06
1123, 3.962229000535444e-06
1124, 4.117790000236709e-06
1125, 4.275029999917024e-06
1126, 4.400130999783869e-06
1127, 4.552931000944227e-06
1128, 4.074178999871947e-06
1129, 4.6051299996179294e-06
1130, 4.294664999179077e-06
1131, 6.008882000969606e-06
1132, 3.8593080007558455e-06
1133, 4.125864001252921e-06
1134, 3.889572999469238e-06
1135, 4.061917999933939e-06
1136, 3.930384000341292e-06
1137, 4.431040999406832e-06
1138, 3.936937999242218e-06
1139, 3.970923999077059e-06
1140, 4.40197799980524e-06
1141, 4.440257000169367e-06
1142, 4.072412000823533e-06
1143, 4.095201999007259e-06
1144, 6.114227000580286e-06
1145, 4.861857998548657e-06
1146, 4.18737500149291e-06
1147, 4.098929999599932e-06
1148, 4.0687560012884205e-06
1149, 4.164972000580747e-06
1150, 4.148801001065294e-06
1151, 3.8792960003775075e-06
1152, 3.895134999766015e-06
1153, 4.707914000391611e-06
1154, 4.094787000212818e-06
1155, 4.203194999718107e-06
1156, 3.9892489985504655e-06
1157, 4.446724000445101e-06
1158, 4.74307799959206e-06
1159, 3.915906001566327e-06
1160, 4.0082340001390545e-06
1161, 4.311410999434883e-06
1162, 3.8557139996555635e-06
1163, 4.431289999047294e-06
1164, 4.020878999654087e-06
1165, 4.1963769999711075e-06
1166, 4.214960001263534e-06
1167, 5.051096999522997e-06
1168, 4.402388000016799e-06
1169, 4.4922729994141264e-06
1170, 3.997275998699479e-06
1171, 4.974231998858159e-06
1172, 4.619952998837107e-06
1173, 4.893813998933183e-06
1174, 4.320304000430042e-06
1175, 4.049066001243773e-06
1176, 4.148230000282638e-06
1177, 4.016188000605326e-06
1178, 3.9132729998527795e-06
1179, 3.892228998665815e-06
1180, 5.765211999460007e-06
1181, 4.10367700169445e-06
1182, 3.985448000094038e-06
1183, 3.969892999521108e-06
1184, 5.100679998577107e-06
1185, 4.621586998837302e-06
1186, 4.335399000410689e-06
1187, 3.992165000454407e-06
1188, 4.43502900088788e-06
1189, 3.979768000135664e-06
1190, 3.917572999853291e-06
1191, 4.420712000865023e-06
1192, 4.539458999715862e-06
1193, 3.9888049996079645e-06
1194, 4.1313889996672514e-06
1195, 4.149755999605987e-06
1196, 4.191097999864724e-06
1197, 4.122735999771976e-06
1198, 4.306299999370822e-06
1199, 4.186638001556275e-06
1200, 4.38656199912657e-06
1201, 3.888698000082513e-06
1202, 3.996997000285774e-06
1203, 4.207574998872587e-06
1204, 4.72798200098623e-06
1205, 4.088372999831335e-06
1206, 4.125736000787583e-06
1207, 4.062776000864687e-06
1208, 4.8483809987374116e-06
1209, 4.167020000750199e-06
1210, 3.993695998360636e-06
1211, 4.221760000291397e-06
1212, 4.491875999519834e-06
1213, 4.6063629997661335e-06
1214, 3.885345000526286e-06
1215, 3.996650000772206e-06
1216, 5.132860000230721e-06
1217, 4.233063998981379e-06
1218, 3.875926999171497e-06
1219, 4.152919998887228e-06
1220, 4.2857829994318305e-06
1221, 4.5301209993340305e-06
1222, 3.931830000510672e-06
1223, 3.951565000534174e-06
1224, 3.929880000214325e-06
1225, 4.3425879994174466e-06
1226, 3.933677000532043e-06
1227, 3.913345999535522e-06
1228, 4.4172760008223125e-06
1229, 4.504648000875022e-06
1230, 4.103778001081082e-06
1231, 4.19230299849005e-06
1232, 4.003371999715455e-06
1233, 4.0432059995509915e-06
1234, 3.967081000155304e-06
1235, 4.0127359989128305e-06
1236, 3.910986999471788e-06
1237, 4.848128999583423e-06
1238, 3.959118999773637e-06
1239, 4.63050399957865e-06
1240, 4.4471900000644386e-06
1241, 3.957095001169364e-06
1242, 4.134370001338538e-06
1243, 3.963095001381589e-06
1244, 7.157961999837426e-06
1245, 7.38250600079482e-06
1246, 5.8654750009736745e-06
1247, 4.279726999811828e-06
1248, 7.6101850008853944e-06
1249, 4.236162998495275e-06
1250, 5.078918999060989e-06
1251, 4.129966999244061e-06
1252, 4.264584000338801e-06
1253, 4.140313998505007e-06
1254, 4.916015999697265e-06
1255, 3.990125000200351e-06
1256, 4.234243999235332e-06
1257, 4.1981379999924685e-06
1258, 4.060698000103002e-06
1259, 4.171335000137333e-06
1260, 4.243014000167023e-06
1261, 3.949985999497585e-06
1262, 4.657608000343316e-06
1263, 4.017748999103787e-06
1264, 4.367808000097284e-06
1265, 4.069108999829041e-06
1266, 4.44309699923906e-06
1267, 4.009299000244937e-06
1268, 4.613123999661184e-06
1269, 3.907224998329184e-06
1270, 4.9053960010496665e-06
1271, 4.212148000078741e-06
1272, 4.115504001674708e-06
1273, 4.709131000709022e-06
1274, 5.005103999792482e-06
1275, 4.017677998490399e-06
1276, 3.963171999203042e-06
1277, 4.231650998917758e-06
1278, 4.6987700006866365e-06
1279, 4.262127999027143e-06
1280, 4.0813460000208575e-06
1281, 4.0435669998259985e-06
1282, 4.524481999396812e-06
1283, 4.075913000633591e-06
1284, 3.898603999914485e-06
1285, 4.026403999887407e-06
1286, 4.747551998661948e-06
1287, 4.125796000153059e-06
1288, 3.983909000453422e-06
1289, 4.149039001276833e-06
1290, 4.479780000110623e-06
1291, 4.190076000668341e-06
1292, 4.254093000781722e-06
1293, 4.463429000679753e-06
1294, 4.221528999551083e-06
1295, 4.060146000483655e-06
1296, 4.396655000164174e-06
1297, 3.981347999797435e-06
1298, 4.282027999579441e-06
1299, 4.113569999390165e-06
1300, 4.09828500050935e-06
1301, 4.552999998850283e-06
1302, 4.256144999089884e-06
1303, 4.218776000925573e-06
1304, 4.1378949990757976e-06
1305, 4.448166000656784e-06
1306, 3.992098001617706e-06
1307, 4.355134999059373e-06
1308, 4.1736639996088345e-06
1309, 4.0962889997899765e-06
1310, 4.525282000031439e-06
1311, 4.415735000293353e-06
1312, 3.959614001360023e-06
1313, 5.026299999371986e-06
1314, 4.021045999252238e-06
1315, 4.256223000993486e-06
1316, 4.156551000050968e-06
1317, 3.979503000664408e-06
1318, 6.00036200012255e-06
1319, 4.234236999764107e-06
1320, 4.038582999783103e-06
1321, 3.9568530010001265e-06
1322, 7.020135000857408e-06
1323, 4.294051999750082e-06
1324, 3.927580999516067e-06
1325, 3.990822999185184e-06
1326, 4.855012000916759e-06
1327, 4.5276440014276884e-06
1328, 4.219080001348629e-06
1329, 4.144369999266928e-06
1330, 4.806185999768786e-06
1331, 4.030518000945449e-06
1332, 3.994332000729628e-06
1333, 4.2674639989854765e-06
1334, 4.12124000104086e-06
1335, 4.173506998995436e-06
1336, 4.117697999390657e-06
1337, 4.0012489989749154e-06
1338, 4.473319999306114e-06
1339, 4.079981001268607e-06
1340, 4.917261998343747e-06
1341, 4.3212489999859826e-06
1342, 3.995261999079958e-06
1343, 3.9968180008145286e-06
1344, 4.279688000679016e-06
1345, 4.204316999675939e-06
1346, 4.587987999912002e-06
1347, 3.959095998652629e-06
1348, 4.140043000006699e-06
1349, 4.278919999705977e-06
1350, 4.044810000777943e-06
1351, 3.969208999478724e-06
1352, 4.52970600053959e-06
1353, 5.39627299986023e-06
1354, 4.141381999943405e-06
1355, 4.441998000402236e-06
1356, 3.97495700053696e-06
1357, 4.216002998873592e-06
1358, 4.450664999239961e-06
1359, 4.683217999627231e-06
1360, 4.951285000061034e-06
1361, 3.983242999311187e-06
1362, 4.208287000437849e-06
1363, 4.561047000606777e-06
1364, 4.3211720003455415e-06
1365, 3.8318679999065355e-06
1366, 3.998483000032138e-06
1367, 4.714614000477013e-06
1368, 4.4408329995349046e-06
1369, 4.022523999083205e-06
1370, 3.925925000658026e-06
1371, 4.673072000514367e-06
1372, 5.076720999568351e-06
1373, 7.181134998972993e-06
1374, 4.5054900001559875e-06
1375, 3.965350000726176e-06
1376, 3.9569789987581316e-06
1377, 6.848614999398706e-06
1378, 5.401129001256777e-06
1379, 4.039689998535323e-06
1380, 4.454653000721009e-06
1381, 4.101442000319366e-06
1382, 4.085253000084776e-06
1383, 4.97865599936631e-06
1384, 4.168507000940735e-06
1385, 3.991044000940747e-06
1386, 4.754469999170397e-06
1387, 4.2128629993385405e-06
1388, 4.435842000020784e-06
1389, 4.405622999911429e-06
1390, 4.354644999693846e-06
1391, 4.0100900005199945e-06
1392, 4.185476998827653e-06
1393, 3.84938600109308e-06
1394, 4.044760999022401e-06
1395, 3.888111001288053e-06
1396, 4.024698999273824e-06
1397, 4.359375001513399e-06
1398, 4.925744999127346e-06
1399, 3.983388000051491e-06
1400, 4.042368000227725e-06
1401, 4.429923999850871e-06
1402, 4.131489000428701e-06
1403, 4.028358000141452e-06
1404, 3.9753950004524085e-06
1405, 4.135691000556107e-06
1406, 4.960016000040923e-06
1407, 4.209691000141902e-06
1408, 4.012876999695436e-06
1409, 3.898736998962704e-06
1410, 4.21108299997286e-06
1411, 4.407256001286441e-06
1412, 4.086742999788839e-06
1413, 4.089333000592888e-06
1414, 4.561056999591529e-06
1415, 4.354189999503433e-06
1416, 4.07406600061222e-06
1417, 4.70788500024355e-06
1418, 4.602416000125231e-06
1419, 4.076535000422154e-06
1420, 4.072591998919961e-06
1421, 3.946091999750933e-06
1422, 4.0244070005428515e-06
1423, 3.971367001213367e-06
1424, 4.250535999744898e-06
1425, 4.579915999784134e-06
1426, 4.465150999749312e-06
1427, 3.945582000596914e-06
1428, 4.225053000482148e-06
1429, 4.515241000262904e-06
1430, 4.2292310008633645e-06
1431, 4.204812999887509e-06
1432, 3.851493000183837e-06
1433, 4.094751000593533e-06
1434, 5.0283999989915175e-06
1435, 6.924687000719132e-06
1436, 4.027184000733541e-06
1437, 4.319619998568669e-06
1438, 3.993271000581444e-06
1439, 4.964060999554931e-06
1440, 4.090899001312209e-06
1441, 5.0483849990996536e-06
1442, 4.350356999566429e-06
1443, 4.380050999316154e-06
1444, 4.227426999932504e-06
1445, 4.55247399986547e-06
1446, 4.043570999783697e-06
1447, 4.012723999039736e-06
1448, 4.2032989986182655e-06
1449, 4.0540829995734385e-06
1450, 5.081973000415019e-06
1451, 4.027704000691301e-06
1452, 4.384801000924199e-06
1453, 4.567743000734481e-06
1454, 4.028842999105109e-06
1455, 4.858395001065219e-06
1456, 4.167690000031144e-06
1457, 4.040180001538829e-06
1458, 3.972894999606069e-06
1459, 4.409184999531135e-06
1460, 3.880984999341308e-06
1461, 4.931992998535862e-06
1462, 4.014959999040002e-06
1463, 4.500077000557212e-06
1464, 4.2044159999932165e-06
1465, 4.132310999921174e-06
1466, 4.055023000546499e-06
1467, 4.005492000942468e-06
1468, 5.086753000796307e-06
1469, 4.653636000512052e-06
1470, 4.219213999022031e-06
1471, 4.1374330012331485e-06
1472, 4.0969450001284715e-06
1473, 4.185974999927566e-06
1474, 4.014361000372446e-06
1475, 4.039094999825465e-06
1476, 3.980407000199193e-06
1477, 4.63412099998095e-06
1478, 4.436727000211249e-06
1479, 4.278469999917434e-06
1480, 4.216421999444719e-06
1481, 4.578427000524244e-06
1482, 5.041272999733337e-06
1483, 4.238408999299281e-06
1484, 4.205250999802957e-06
1485, 4.169718000412104e-06
1486, 4.239546000462724e-06
1487, 4.041558000608347e-06
1488, 4.15575999977591e-06
1489, 6.120504998762044e-06
1490, 4.4736460004060064e-06
1491, 4.018856001493987e-06
1492, 4.16398099878279e-06
1493, 4.10374800048885e-06
1494, 4.515579001235892e-06
1495, 5.337567999958992e-06
1496, 5.0492669997765915e-06
1497, 4.176988000835991e-06
1498, 6.673965001027682e-06
1499, 4.77621000027284e-06
1500, 4.220654998789541e-06
1501, 4.109923000214621e-06
1502, 4.0699460005271245e-06
1503, 4.6182059995771856e-06
1504, 4.039503999592853e-06
1505, 3.9795480006432625e-06
1506, 4.285838998839609e-06
1507, 4.675595999287907e-06
1508, 4.547193000689731e-06
1509, 4.0693849987292195e-06
1510, 4.1067220008699225e-06
1511, 4.059224998854916e-06
1512, 5.227883999395999e-06
1513, 4.140723000091384e-06
1514, 4.442355999344727e-06
1515, 4.111041000214755e-06
1516, 4.169560999798705e-06
1517, 4.092232000402873e-06
1518, 3.942372000892646e-06
1519, 3.955244999815477e-06
1520, 3.963592000218341e-06
1521, 5.140668999956688e-06
1522, 4.282978999981424e-06
1523, 4.68129000000772e-06
1524, 3.998168000180158e-06
1525, 5.2242020010453415e-06
1526, 4.442642000867636e-06
1527, 4.30643300023803e-06
1528, 4.151962000833009e-06
1529, 4.119568999158218e-06
1530, 4.471709000426927e-06
1531, 4.055049999806215e-06
1532, 4.204274999210611e-06
1533, 4.037903001517407e-06
1534, 5.112492999614915e-06
1535, 4.219798998747137e-06
1536, 4.226384999128641e-06
1537, 4.113469000003534e-06
1538, 4.162403000009362e-06
1539, 7.067471999107511e-06
1540, 7.270194999364321e-06
1541, 7.355411000389722e-06
1542, 5.558869999731541e-06
1543, 4.289200998755405e-06
1544, 4.504038999584737e-06
1545, 4.486895999434637e-06
1546, 4.211416000543977e-06
1547, 4.163865000009537e-06
1548, 4.3397190001996936e-06
1549, 4.069477001394261e-06
1550, 3.980064999268507e-06
1551, 5.492370999490959e-06
1552, 4.2446940005902435e-06
1553, 4.126830001041526e-06
1554, 3.982834999987972e-06
1555, 5.145881999851553e-06
1556, 9.548348998578149e-06
1557, 4.187959999399027e-06
1558, 4.469367000638158e-06
1559, 4.137867999816081e-06
1560, 3.89823899968178e-06
1561, 3.993175998402876e-06
1562, 4.063936999955331e-06
1563, 4.417477000970393e-06
1564, 4.373793000922888e-06
1565, 4.0048270002444044e-06
1566, 4.323569999542087e-06
1567, 4.58430799881171e-06
1568, 4.294504000426968e-06
1569, 4.028305998872384e-06
1570, 4.26513699858333e-06
1571, 4.059134000272024e-06
1572, 3.9789710008335535e-06
1573, 4.335060000812518e-06
1574, 4.0289549997396535e-06
1575, 4.7406710000359456e-06
1576, 4.093989000466536e-06
1577, 4.25533199995698e-06
1578, 3.955605001465301e-06
1579, 4.26287099980982e-06
1580, 4.1280919995188015e-06
1581, 4.054966999319732e-06
1582, 4.313645000365796e-06
1583, 4.536766000455827e-06
1584, 4.015310998511268e-06
1585, 4.4672040003206345e-06
1586, 4.445885000677663e-06
1587, 4.58139300098992e-06
1588, 4.241136999553419e-06
1589, 4.131315001359326e-06
1590, 4.766205000123591e-06
1591, 4.391824999402161e-06
1592, 3.942793000533129e-06
1593, 4.329223000240745e-06
1594, 4.481297000893392e-06
1595, 4.373854999357718e-06
1596, 5.243284000243875e-06
1597, 4.8357270006817995e-06
1598, 4.227711000567069e-06
1599, 4.3609889999061125e-06
1600, 4.267168000296806e-06
1601, 3.999665999799618e-06
1602, 4.7630740009481084e-06
1603, 4.4242849999136526e-06
1604, 4.869808000876219e-06
1605, 4.044016999614541e-06
1606, 4.093270999874221e-06
1607, 4.782477000844665e-06
1608, 4.71515599929262e-06
1609, 4.72040899876447e-06
1610, 4.270026000085636e-06
1611, 4.035177000332623e-06
1612, 4.355311000836082e-06
1613, 4.5323430003918475e-06
1614, 4.03351000022667e-06
1615, 4.0715350005484655e-06
1616, 4.414830000314396e-06
1617, 4.498457999943639e-06
1618, 5.155606999323936e-06
1619, 4.317553999499069e-06
1620, 4.04251299914904e-06
1621, 4.998884998713038e-06
1622, 4.532667000603396e-06
1623, 4.129954000745784e-06
1624, 4.07110299966007e-06
1625, 4.423743001098046e-06
1626, 4.287152001779759e-06
1627, 3.953974999603815e-06
1628, 4.307945000618929e-06
1629, 4.99218199911411e-06
1630, 4.6396039997489425e-06
1631, 3.929599000912276e-06
1632, 4.329082001277129e-06
1633, 4.023272000267752e-06
1634, 4.526476999672013e-06
1635, 4.350936998889665e-06
1636, 4.187397998975939e-06
1637, 4.683310999098467e-06
1638, 4.281685000023572e-06
1639, 4.163436000453657e-06
1640, 4.237376000673976e-06
1641, 4.217978999804473e-06
1642, 4.1997890002676284e-06
1643, 4.616676000296138e-06
1644, 4.352292999101337e-06
1645, 4.354172000603285e-06
1646, 4.148523999901954e-06
1647, 4.529865000222344e-06
1648, 4.983615001037833e-06
1649, 4.140168000958511e-06
1650, 4.295129001548048e-06
1651, 4.358791000413476e-06
1652, 4.471143000046141e-06
1653, 4.214446000332828e-06
1654, 4.2238730002281956e-06
1655, 4.09622400002263e-06
1656, 4.9218410003959435e-06
1657, 4.352079000454978e-06
1658, 4.112362999876495e-06
1659, 4.1625309986557115e-06
1660, 4.154510999796912e-06
1661, 4.516429999057436e-06
1662, 4.276488998584682e-06
1663, 4.340895999121131e-06
1664, 4.594006999468547e-06
1665, 4.416946998389903e-06
1666, 4.046121999635943e-06
1667, 4.044991001137532e-06
1668, 4.5794689995091175e-06
1669, 4.28793000173755e-06
1670, 5.055787998571759e-06
1671, 6.850883999504731e-06
1672, 4.509825999775785e-06
1673, 4.387856000903412e-06
1674, 4.987592001270969e-06
1675, 4.289181000785902e-06
1676, 4.0385219999734546e-06
1677, 4.256083999280236e-06
1678, 4.276591000234475e-06
1679, 5.561137000768213e-06
1680, 4.123515000173939e-06
1681, 4.03847199959273e-06
1682, 5.497654999999213e-06
1683, 4.246451999279088e-06
1684, 4.1229880007449535e-06
1685, 4.0685999993002046e-06
1686, 4.276016999938292e-06
1687, 4.6766760005994e-06
1688, 4.090524998900946e-06
1689, 4.032886999993935e-06
1690, 4.71845799984294e-06
1691, 4.057234000356402e-06
1692, 4.036921998704202e-06
1693, 4.065876000822755e-06
1694, 4.431625999131938e-06
1695, 4.785506000189343e-06
1696, 4.88339700132201e-06
1697, 4.3234020013187545e-06
1698, 4.42346800082305e-06
1699, 4.13897500038729e-06
1700, 4.9925179991987535e-06
1701, 4.714580001746071e-06
1702, 4.317438000725815e-06
1703, 4.083089999767253e-06
1704, 4.333094999310561e-06
1705, 6.110162999902968e-06
1706, 4.1842539994831895e-06
1707, 4.157315999691491e-06
1708, 4.854363000049489e-06
1709, 4.89063500026532e-06
1710, 4.324945000917069e-06
1711, 4.3373379994591235e-06
1712, 4.369783999209176e-06
1713, 4.2088200007128764e-06
1714, 3.977499998654821e-06
1715, 4.485051998926792e-06
1716, 4.484349999984261e-06
1717, 5.688492999979644e-06
1718, 4.231226999763749e-06
1719, 4.046792000735877e-06
1720, 4.175838999799453e-06
1721, 4.838192000534036e-06
1722, 4.445894001037232e-06
1723, 4.5163239992689344e-06
1724, 4.486072000872809e-06
1725, 4.379040999992867e-06
1726, 4.255810999893583e-06
1727, 4.251233998729731e-06
1728, 4.66738599970995e-06
1729, 4.31235399992147e-06
1730, 4.9482969989185226e-06
1731, 4.387819000839954e-06
1732, 4.229640000630752e-06
1733, 4.425409000759828e-06
1734, 4.540867999821785e-06
1735, 4.176589998678537e-06
1736, 4.3656310008373115e-06
1737, 4.137453999646823e-06
1738, 4.656342000089353e-06
1739, 4.083076999449986e-06
1740, 4.6296629989228675e-06
1741, 3.998490999947535e-06
1742, 4.047831998832407e-06
1743, 5.153455000254326e-06
1744, 4.1424939990974965e-06
1745, 4.206061999866506e-06
1746, 3.965857998991851e-06
1747, 4.670092999731423e-06
1748, 4.5651660002477e-06
1749, 4.238940999130136e-06
1750, 3.996838999228203e-06
1751, 4.777113001182443e-06
1752, 4.240496000420535e-06
1753, 4.101583999727154e-06
1754, 4.263783001078991e-06
1755, 4.69137599975511e-06
1756, 4.953317999024875e-06
1757, 4.246733999025309e-06
1758, 4.222432000460686e-06
1759, 4.225570999551564e-06
1760, 4.419537999638123e-06
1761, 4.619921999619691e-06
1762, 4.318179999245331e-06
1763, 5.086395000034827e-06
1764, 4.2142780002905055e-06
1765, 4.156712999247247e-06
1766, 4.240850999849499e-06
1767, 4.1317529994557845e-06
1768, 3.972615999373375e-06
1769, 4.9610260011832e-06
1770, 4.595917998813093e-06
1771, 4.353049000201281e-06
1772, 3.988611000750097e-06
1773, 4.189709999991464e-06
1774, 5.394817999331281e-06
1775, 4.202775999146979e-06
1776, 4.185337998933392e-06
1777, 4.063774000314879e-06
1778, 4.65361599890457e-06
1779, 4.178686998784542e-06
1780, 4.189245999441482e-06
1781, 4.318619998230133e-06
1782, 4.879721998804598e-06
1783, 4.582788000334404e-06
1784, 4.639947999748983e-06
1785, 4.306648999772733e-06
1786, 4.062923000674346e-06
1787, 5.402768001658842e-06
1788, 6.23239500055206e-06
1789, 4.395977999593015e-06
1790, 4.73121200047899e-06
1791, 5.167063000044436e-06
1792, 4.1632869997556554e-06
1793, 4.018669000288355e-06
1794, 4.067757001394057e-06
1795, 4.11960299970815e-06
1796, 4.120073999729356e-06
1797, 4.5667739996133606e-06
1798, 4.005220000180998e-06
1799, 4.2757280007208466e-06
1800, 4.788185000506928e-06
1801, 7.071739999446436e-06
1802, 4.4783190005546205e-06
1803, 4.352199001004919e-06
1804, 4.5579170000564775e-06
1805, 4.382224999062601e-06
1806, 4.016320999653544e-06
1807, 4.0782260002742985e-06
1808, 4.73647000035271e-06
1809, 4.082641999048064e-06
1810, 4.1256749991589455e-06
1811, 4.044900999360834e-06
1812, 5.012947000068379e-06
1813, 4.5672199994442056e-06
1814, 4.219013999318122e-06
1815, 4.2736010000226084e-06
1816, 5.045007999797235e-06
1817, 4.2216609999741195e-06
1818, 4.294169999411679e-06
1819, 4.533172999799717e-06
1820, 4.0478430000803205e-06
1821, 5.093468000268331e-06
1822, 4.196934998617508e-06
1823, 4.637141999410233e-06
1824, 4.7109959996305405e-06
1825, 4.62333300129103e-06
1826, 4.454154999621096e-06
1827, 4.398377999677905e-06
1828, 4.13079700047092e-06
1829, 6.460308999521658e-06
1830, 4.083338000782532e-06
1831, 4.561527000987553e-06
1832, 3.946578000977752e-06
1833, 4.639022001356352e-06
1834, 4.978355998900952e-06
1835, 4.2629439994925636e-06
1836, 4.092391000085627e-06
1837, 4.156135000812355e-06
1838, 4.736789000162389e-06
1839, 4.052324999065604e-06
1840, 4.533870000159368e-06
1841, 4.526180999164353e-06
1842, 4.209283999443869e-06
1843, 6.554782999955933e-06
1844, 4.209271999570774e-06
1845, 4.318682998928125e-06
1846, 5.306097998982295e-06
1847, 4.611677999491803e-06
1848, 4.19071899887058e-06
1849, 4.649872998925275e-06
1850, 5.295751998346532e-06
1851, 4.703148000771762e-06
1852, 4.1429889988648936e-06
1853, 4.071277999173617e-06
1854, 4.428947000633343e-06
1855, 4.165244999967399e-06
1856, 4.718173000583193e-06
1857, 4.123656000956544e-06
1858, 4.21738600016397e-06
1859, 5.326862999936566e-06
1860, 4.870228000072529e-06
1861, 4.248625000400352e-06
1862, 4.097046999959275e-06
1863, 4.278319000150077e-06
1864, 4.597715998897911e-06
1865, 4.304236999814748e-06
1866, 4.32781299969065e-06
1867, 4.307150000386173e-06
1868, 4.650967000998208e-06
1869, 4.306859000280383e-06
1870, 4.050207000545924e-06
1871, 4.078785999809042e-06
1872, 4.672249000577722e-06
1873, 4.205725999781862e-06
1874, 4.103764998944825e-06
1875, 4.124289000174031e-06
1876, 4.88785800007463e-06
1877, 4.344999999375432e-06
1878, 4.245379001076799e-06
1879, 4.211809000480571e-06
1880, 4.617438999048318e-06
1881, 4.1194890000042504e-06
1882, 4.181976999461768e-06
1883, 4.1989049987023464e-06
1884, 4.085515000042505e-06
1885, 4.1498359987599546e-06
1886, 4.2779819996212605e-06
1887, 5.041664999225759e-06
1888, 4.3762469995272116e-06
1889, 4.194328999801655e-06
1890, 4.395900999952574e-06
1891, 4.779322998729185e-06
1892, 4.09116599985282e-06
1893, 4.082478999407613e-06
1894, 4.568219001157559e-06
1895, 4.857347001234303e-06
1896, 4.146912000578595e-06
1897, 4.021810000267579e-06
1898, 4.28110199936782e-06
1899, 5.772333999630064e-06
1900, 4.340184001193847e-06
1901, 4.455673000848037e-06
1902, 4.0966889991977954e-06
1903, 5.224377999184071e-06
1904, 4.504774000452017e-06
1905, 4.742863999126712e-06
1906, 4.170416999841109e-06
1907, 4.3976980014122095e-06
1908, 4.649645999961649e-06
1909, 4.255211000781856e-06
1910, 4.299099999116152e-06
1911, 5.062737000116613e-06
1912, 5.063758000687813e-06
1913, 4.1204399985872446e-06
1914, 4.441707998921629e-06
1915, 4.393646999233169e-06
1916, 5.254511999737588e-06
1917, 4.0921820000221485e-06
1918, 4.022274999442743e-06
1919, 4.404979999890202e-06
1920, 5.35897099871363e-06
1921, 7.081278001351166e-06
1922, 4.19261400020332e-06
1923, 4.064667000420741e-06
1924, 4.285340999558685e-06
1925, 4.205785000522155e-06
1926, 4.335210000135703e-06
1927, 4.120084000533097e-06
1928, 5.078153999420465e-06
1929, 5.275720999634359e-06
1930, 4.400612000608817e-06
1931, 4.249020999850473e-06
1932, 5.2527039988490286e-06
1933, 4.631259000234423e-06
1934, 4.098028999578674e-06
1935, 4.2133160004596e-06
1936, 4.33864400110906e-06
1937, 4.013902000224334e-06
1938, 4.352469000878045e-06
1939, 4.123496999454801e-06
1940, 4.796981000254164e-06
1941, 5.587368001215509e-06
1942, 4.441284001586609e-06
1943, 4.3911669999943115e-06
1944, 4.294986998502281e-06
1945, 4.975112000465742e-06
1946, 4.701557001681067e-06
1947, 5.409539000538643e-06
1948, 4.209024998999667e-06
1949, 4.164981999565498e-06
1950, 4.364612999779638e-06
1951, 4.236157999912393e-06
1952, 4.1598749994591344e-06
1953, 4.660397000407101e-06
1954, 5.51810799879604e-06
1955, 4.591510998579906e-06
1956, 4.106537000552635e-06
1957, 4.42061000103422e-06
1958, 5.466397999043692e-06
1959, 4.258529999788152e-06
1960, 4.127620999497594e-06
1961, 4.238437999447342e-06
1962, 4.207354000755003e-06
1963, 4.080456999872694e-06
1964, 4.2307799994887314e-06
1965, 4.063880998728564e-06
1966, 4.967323000528268e-06
1967, 4.1262539998569994e-06
1968, 4.522899998846696e-06
1969, 4.3407909997768004e-06
1970, 4.244474001097842e-06
1971, 5.169623000256251e-06
1972, 4.909303001113585e-06
1973, 4.345073999502347e-06
1974, 5.188872000871924e-06
1975, 4.352822999862838e-06
1976, 4.452859999219072e-06
1977, 4.194342000118922e-06
1978, 4.145400000197697e-06
1979, 5.430727000202751e-06
1980, 4.358665999461664e-06
1981, 5.1447869991534386e-06
1982, 4.16561299971363e-06
1983, 5.135616000188748e-06
1984, 4.21511500098859e-06
1985, 4.2436869989614935e-06
1986, 4.544264998912695e-06
1987, 4.250996000337181e-06
1988, 4.109519999474287e-06
1989, 4.736506998597178e-06
1990, 4.093821000424214e-06
1991, 4.02325200047926e-06
1992, 5.199457000344409e-06
1993, 5.216239000219503e-06
1994, 4.251218999343109e-06
1995, 4.234529000314069e-06
1996, 5.033759000070859e-06
1997, 4.314122999858227e-06
1998, 4.322998000134248e-06
1999, 4.780975999892689e-06
